날짜,QQQ 매수량,QQQ 매도량,QQQ 잔량,QQQ 종가,QQQ 매수 평균 가격,QQQ 종가치,TQQQ 매수량,TQQQ 매도량,TQQQ 잔량,TQQQ 종가,TQQQ 매수 평균 가격,TQQQ 종가치,예수금,총 평가액
2022-01-03,0,0,248,401.67999267578125,401.67999267578125,99616.63818359375,0,0,0,85.56500244140625,0.0,0.0,383.36181640625,100000.0
2022-01-04,0,0,248,396.4700012207031,401.67999267578125,98324.56030273438,0,0,0,82.23999786376953,0.0,0.0,383.36181640625,98707.92211914062
2022-01-05,0,0,248,384.2900085449219,401.67999267578125,95303.92211914062,0,0,0,74.67500305175781,0.0,0.0,383.36181640625,95687.28393554688
2022-01-06,0,0,248,384.0199890136719,401.67999267578125,95236.95727539062,0,0,0,74.47000122070312,0.0,0.0,383.36181640625,95620.31909179688
2022-01-07,0,0,248,379.8599853515625,401.67999267578125,94205.2763671875,0,0,0,72.03500366210938,0.0,0.0,383.36181640625,94588.63818359375
2022-01-10,0,0,248,380.1099853515625,401.67999267578125,94267.2763671875,0,0,0,72.30000305175781,0.0,0.0,383.36181640625,94650.63818359375
2022-01-11,0,0,248,385.82000732421875,401.67999267578125,95683.36181640625,0,0,0,75.4800033569336,0.0,0.0,383.36181640625,96066.7236328125
2022-01-12,0,0,248,387.3500061035156,401.67999267578125,96062.80151367188,0,0,0,76.33999633789062,0.0,0.0,383.36181640625,96446.16333007812
2022-01-13,0,0,248,377.6600036621094,401.67999267578125,93659.68090820312,0,0,0,70.80000305175781,0.0,0.0,383.36181640625,94043.04272460938
2022-01-14,0,0,248,380.010009765625,401.67999267578125,94242.482421875,0,0,0,71.87000274658203,0.0,0.0,383.36181640625,94625.84423828125
2022-01-18,0,0,248,370.54998779296875,401.67999267578125,91896.39697265625,0,0,0,66.69000244140625,0.0,0.0,383.36181640625,92279.7587890625
2022-01-19,0,0,248,366.4800109863281,401.67999267578125,90887.04272460938,0,0,0,64.37000274658203,0.0,0.0,383.36181640625,91270.40454101562
2022-01-20,0,0,248,361.7200012207031,401.67999267578125,89706.56030273438,0,0,0,61.880001068115234,0.0,0.0,383.36181640625,90089.92211914062
2022-01-21,0,0,248,351.69000244140625,401.67999267578125,87219.12060546875,0,0,0,56.66999816894531,0.0,0.0,383.36181640625,87602.482421875
2022-01-24,0,0,248,353.29998779296875,401.67999267578125,87618.39697265625,0,0,0,57.4900016784668,0.0,0.0,383.36181640625,88001.7587890625
2022-01-25,0,0,248,345.1099853515625,401.67999267578125,85587.2763671875,0,0,0,53.25,0.0,0.0,383.36181640625,85970.63818359375
2022-01-26,0,0,248,344.57000732421875,401.67999267578125,85453.36181640625,0,0,0,53.150001525878906,0.0,0.0,383.36181640625,85836.7236328125
2022-01-27,0,0,248,341.1000061035156,401.67999267578125,84592.80151367188,0,0,0,51.560001373291016,0.0,0.0,383.36181640625,84976.16333007812
2022-01-28,0,0,248,351.79998779296875,401.67999267578125,87246.39697265625,0,0,0,56.369998931884766,0.0,0.0,383.36181640625,87629.7587890625
2022-01-31,1,0,249,363.04998779296875,401.52485209392256,90399.44696044922,0,0,0,61.83000183105469,0.0,0.0,20.31182861328125,90419.7587890625
2022-02-01,0,0,249,365.5199890136719,401.52485209392256,91014.4772644043,0,0,0,63.0099983215332,0.0,0.0,20.31182861328125,91034.78909301758
2022-02-02,0,0,249,368.489990234375,401.52485209392256,91754.00756835938,0,0,0,64.5,0.0,0.0,20.31182861328125,91774.31939697266
2022-02-03,0,0,249,353.54998779296875,401.52485209392256,88033.94696044922,0,0,0,56.7400016784668,0.0,0.0,20.31182861328125,88054.2587890625
2022-02-04,0,0,249,358.010009765625,401.52485209392256,89144.49243164062,0,0,0,58.70000076293945,0.0,0.0,20.31182861328125,89164.8042602539
2022-02-07,0,0,249,355.1300048828125,401.52485209392256,88427.37121582031,0,0,0,57.369998931884766,0.0,0.0,20.31182861328125,88447.6830444336
2022-02-08,0,0,249,359.1199951171875,401.52485209392256,89420.87878417969,0,0,0,59.31999969482422,0.0,0.0,20.31182861328125,89441.19061279297
2022-02-09,0,0,249,366.7300109863281,401.52485209392256,91315.7727355957,0,0,0,63.0,0.0,0.0,20.31182861328125,91336.08456420898
2022-02-10,0,0,249,358.42999267578125,401.52485209392256,89249.06817626953,0,0,0,58.81999969482422,0.0,0.0,20.31182861328125,89269.38000488281
2022-02-11,0,0,249,347.05999755859375,401.52485209392256,86417.93939208984,0,0,0,53.279998779296875,0.0,0.0,20.31182861328125,86438.25122070312
2022-02-14,0,0,249,347.489990234375,401.52485209392256,86525.00756835938,0,0,0,53.43000030517578,0.0,0.0,20.31182861328125,86545.31939697266
2022-02-15,0,0,249,356.1300048828125,401.52485209392256,88676.37121582031,0,0,0,57.29999923706055,0.0,0.0,20.31182861328125,88696.6830444336
2022-02-16,0,0,249,356.0400085449219,401.52485209392256,88653.96212768555,0,0,0,57.290000915527344,0.0,0.0,20.31182861328125,88674.27395629883
2022-02-17,0,0,249,345.45001220703125,401.52485209392256,86017.05303955078,0,0,0,52.209999084472656,0.0,0.0,20.31182861328125,86037.36486816406
2022-02-18,0,0,249,341.510009765625,401.52485209392256,85035.99243164062,0,0,0,50.439998626708984,0.0,0.0,20.31182861328125,85056.3042602539
2022-02-22,0,0,249,338.0799865722656,401.52485209392256,84181.91665649414,0,0,0,48.880001068115234,0.0,0.0,20.31182861328125,84202.22848510742
2022-02-23,0,0,249,329.4200134277344,401.52485209392256,82025.58334350586,0,0,0,45.13999938964844,0.0,0.0,20.31182861328125,82045.89517211914
2022-02-24,0,0,249,340.489990234375,401.52485209392256,84782.00756835938,0,0,0,49.560001373291016,0.0,0.0,20.31182861328125,84802.31939697266
2022-02-25,0,0,249,345.7699890136719,401.52485209392256,86096.7272644043,0,0,0,51.90999984741211,0.0,0.0,20.31182861328125,86117.03909301758
2022-02-28,1,0,249,346.79998779296875,401.52485209392256,86353.19696044922,0,0,0,52.459999084472656,0.0,0.0,20.31182861328125,86373.5087890625
2022-03-01,0,0,249,341.489990234375,401.52485209392256,85031.00756835938,0,0,0,50.040000915527344,0.0,0.0,20.31182861328125,85051.31939697266
2022-03-02,0,0,249,347.2200012207031,401.52485209392256,86457.78030395508,0,0,0,52.43000030517578,0.0,0.0,20.31182861328125,86478.09213256836
2022-03-03,0,0,249,342.260009765625,401.52485209392256,85222.74243164062,0,0,0,50.2400016784668,0.0,0.0,20.31182861328125,85243.0542602539
2022-03-04,0,0,249,337.29998779296875,401.52485209392256,83987.69696044922,0,0,0,48.09000015258789,0.0,0.0,20.31182861328125,84008.0087890625
2022-03-07,0,0,249,324.8599853515625,401.52485209392256,80890.13635253906,0,0,0,42.720001220703125,0.0,0.0,20.31182861328125,80910.44818115234
2022-03-08,0,0,249,323.3500061035156,401.52485209392256,80514.15151977539,0,0,0,42.130001068115234,0.0,0.0,20.31182861328125,80534.46334838867
2022-03-09,0,0,249,334.989990234375,401.52485209392256,83412.50756835938,0,0,0,46.63999938964844,0.0,0.0,20.31182861328125,83432.81939697266
2022-03-10,0,0,249,331.2699890136719,401.52485209392256,82486.2272644043,0,0,0,45.13999938964844,0.0,0.0,20.31182861328125,82506.53909301758
2022-03-11,0,0,249,324.3999938964844,401.52485209392256,80775.59848022461,0,0,0,42.34000015258789,0.0,0.0,20.31182861328125,80795.91030883789
2022-03-14,0,0,249,318.1700134277344,401.52485209392256,79224.33334350586,0,0,0,39.86000061035156,0.0,0.0,20.31182861328125,79244.64517211914
2022-03-15,0,0,249,328.1499938964844,401.52485209392256,81709.34848022461,0,0,0,43.54999923706055,0.0,0.0,20.31182861328125,81729.66030883789
2022-03-16,0,0,249,340.32000732421875,401.52485209392256,84739.68182373047,0,0,0,48.439998626708984,0.0,0.0,20.31182861328125,84759.99365234375
2022-03-17,0,0,249,344.44000244140625,401.52485209392256,85765.56060791016,0,0,0,50.060001373291016,0.0,0.0,20.31182861328125,85785.87243652344
2022-03-18,0,0,249,351.489990234375,401.52485209392256,87521.00756835938,0,0,0,53.16999816894531,0.0,0.0,20.31182861328125,87541.31939697266
2022-03-21,0,0,249,350.0799865722656,401.52485209392256,87169.91665649414,0,0,0,52.790000915527344,0.0,0.0,20.31182861328125,87190.22848510742
2022-03-22,0,0,249,356.9599914550781,401.52485209392256,88883.03787231445,0,0,0,55.90999984741211,0.0,0.0,20.31182861328125,88903.34970092773
2022-03-23,0,0,249,351.8299865722656,401.52485209392256,87605.66665649414,0,0,0,53.54999923706055,0.0,0.0,20.31182861328125,87625.97848510742
2022-03-24,0,0,249,359.6499938964844,401.52485209392256,89552.84848022461,0,0,0,57.02000045776367,0.0,0.0,20.31182861328125,89573.16030883789
2022-03-25,0,0,249,359.3500061035156,401.52485209392256,89478.15151977539,0,0,0,56.93000030517578,0.0,0.0,20.31182861328125,89498.46334838867
2022-03-28,0,0,249,364.9100036621094,401.52485209392256,90862.59091186523,0,0,0,59.52000045776367,0.0,0.0,20.31182861328125,90882.90274047852
2022-03-29,0,0,249,371.19000244140625,401.52485209392256,92426.31060791016,0,0,0,62.56999969482422,0.0,0.0,20.31182861328125,92446.62243652344
2022-03-30,0,0,249,367.0899963378906,401.52485209392256,91405.40908813477,0,0,0,60.689998626708984,0.0,0.0,20.31182861328125,91425.72091674805
2022-03-31,1,0,249,362.5400085449219,401.52485209392256,90272.46212768555,0,0,0,58.18000030517578,0.0,0.0,20.31182861328125,90292.77395629883
2022-04-01,0,0,249,361.8500061035156,401.52485209392256,90100.65151977539,0,0,0,57.93000030517578,0.0,0.0,20.31182861328125,90120.96334838867
2022-04-04,0,0,249,369.29998779296875,401.52485209392256,91955.69696044922,0,0,0,61.54999923706055,0.0,0.0,20.31182861328125,91976.0087890625
2022-04-05,0,0,249,361.1000061035156,401.52485209392256,89913.90151977539,0,0,0,57.47999954223633,0.0,0.0,20.31182861328125,89934.21334838867
2022-04-06,0,0,249,353.260009765625,401.52485209392256,87961.74243164062,0,0,0,53.70000076293945,0.0,0.0,20.31182861328125,87982.0542602539
2022-04-07,0,0,249,354.1000061035156,401.52485209392256,88170.90151977539,0,0,0,54.04999923706055,0.0,0.0,20.31182861328125,88191.21334838867
2022-04-08,0,0,249,349.1499938964844,401.52485209392256,86938.34848022461,0,0,0,51.84000015258789,0.0,0.0,20.31182861328125,86958.66030883789
2022-04-11,0,0,249,340.8900146484375,401.52485209392256,84881.61364746094,0,0,0,48.15999984741211,0.0,0.0,20.31182861328125,84901.92547607422
2022-04-12,0,0,249,339.45001220703125,401.52485209392256,84523.05303955078,0,0,0,47.540000915527344,0.0,0.0,20.31182861328125,84543.36486816406
2022-04-13,0,0,249,346.3500061035156,401.52485209392256,86241.15151977539,0,0,0,50.38999938964844,0.0,0.0,20.31182861328125,86261.46334838867
2022-04-14,0,0,249,338.42999267578125,401.52485209392256,84269.06817626953,0,0,0,47.0,0.0,0.0,20.31182861328125,84289.38000488281
2022-04-18,0,0,249,338.69000244140625,401.52485209392256,84333.81060791016,0,0,0,47.130001068115234,0.0,0.0,20.31182861328125,84354.12243652344
2022-04-19,0,0,249,346.260009765625,401.52485209392256,86218.74243164062,0,0,0,50.15999984741211,0.0,0.0,20.31182861328125,86239.0542602539
2022-04-20,0,0,249,341.2099914550781,401.52485209392256,84961.28787231445,0,0,0,47.900001525878906,0.0,0.0,20.31182861328125,84981.59970092773
2022-04-21,0,0,249,334.1499938964844,401.52485209392256,83203.34848022461,0,0,0,45.09000015258789,0.0,0.0,20.31182861328125,83223.66030883789
2022-04-22,0,0,249,325.3999938964844,401.52485209392256,81024.59848022461,0,0,0,41.5099983215332,0.0,0.0,20.31182861328125,81044.91030883789
2022-04-25,0,0,249,329.5799865722656,401.52485209392256,82065.41665649414,0,0,0,43.04999923706055,0.0,0.0,20.31182861328125,82085.72848510742
2022-04-26,0,0,249,317.1400146484375,401.52485209392256,78967.86364746094,0,0,0,38.209999084472656,0.0,0.0,20.31182861328125,78988.17547607422
2022-04-27,0,0,249,316.760009765625,401.52485209392256,78873.24243164062,0,0,0,38.040000915527344,0.0,0.0,20.31182861328125,78893.5542602539
2022-04-28,0,0,249,328.010009765625,401.52485209392256,81674.49243164062,0,0,0,42.060001373291016,0.0,0.0,20.31182861328125,81694.8042602539
2022-04-29,0,0,249,313.25,401.52485209392256,77999.25,0,0,0,36.529998779296875,0.0,0.0,20.31182861328125,78019.56182861328
2022-05-02,0,0,249,318.4800109863281,401.52485209392256,79301.5227355957,0,0,0,38.25,0.0,0.0,20.31182861328125,79321.83456420898
2022-05-03,0,0,249,318.82000732421875,401.52485209392256,79386.18182373047,0,0,0,38.34000015258789,0.0,0.0,20.31182861328125,79406.49365234375
2022-05-04,0,0,249,329.6000061035156,401.52485209392256,82070.40151977539,0,0,0,42.13999938964844,0.0,0.0,20.31182861328125,82090.71334838867
2022-05-05,0,0,249,313.0,401.52485209392256,77937.0,0,0,0,35.86000061035156,0.0,0.0,20.31182861328125,77957.31182861328
2022-05-06,0,0,249,309.25,401.52485209392256,77003.25,0,0,0,34.61000061035156,0.0,0.0,20.31182861328125,77023.56182861328
2022-05-09,0,0,249,297.1499938964844,401.52485209392256,73990.34848022461,0,0,0,30.520000457763672,0.0,0.0,20.31182861328125,74010.66030883789
2022-05-10,0,0,249,300.760009765625,401.52485209392256,74889.24243164062,0,0,0,31.56999969482422,0.0,0.0,20.31182861328125,74909.5542602539
2022-05-11,0,0,249,291.8399963378906,401.52485209392256,72668.15908813477,0,0,0,28.760000228881836,0.0,0.0,20.31182861328125,72688.47091674805
2022-05-12,0,0,249,291.1499938964844,401.52485209392256,72496.34848022461,0,0,0,28.530000686645508,0.0,0.0,20.31182861328125,72516.66030883789
2022-05-13,0,0,249,301.94000244140625,401.52485209392256,75183.06060791016,0,0,0,31.6299991607666,0.0,0.0,20.31182861328125,75203.37243652344
2022-05-16,0,0,249,298.44000244140625,401.52485209392256,74311.56060791016,0,0,0,30.649999618530273,0.0,0.0,20.31182861328125,74331.87243652344
2022-05-17,0,0,249,306.1700134277344,401.52485209392256,76236.33334350586,0,0,0,32.959999084472656,0.0,0.0,20.31182861328125,76256.64517211914
2022-05-18,0,0,249,291.1400146484375,401.52485209392256,72493.86364746094,0,0,0,28.149999618530273,0.0,0.0,20.31182861328125,72514.17547607422
2022-05-19,0,0,249,289.5799865722656,401.52485209392256,72105.41665649414,0,0,0,27.579999923706055,0.0,0.0,20.31182861328125,72125.72848510742
2022-05-20,0,0,249,288.67999267578125,401.52485209392256,71881.31817626953,0,0,0,27.34000015258789,0.0,0.0,20.31182861328125,71901.63000488281
2022-05-23,0,0,249,293.4800109863281,401.52485209392256,73076.5227355957,0,0,0,28.690000534057617,0.0,0.0,20.31182861328125,73096.83456420898
2022-05-24,0,0,249,287.239990234375,401.52485209392256,71522.75756835938,0,0,0,26.899999618530273,0.0,0.0,20.31182861328125,71543.06939697266
2022-05-25,0,0,249,291.260009765625,401.52485209392256,72523.74243164062,0,0,0,27.979999542236328,0.0,0.0,20.31182861328125,72544.0542602539
2022-05-26,0,0,249,299.3299865722656,401.52485209392256,74533.16665649414,0,0,0,30.31999969482422,0.0,0.0,20.31182861328125,74553.47848510742
2022-05-27,0,0,249,309.1000061035156,401.52485209392256,76965.90151977539,0,0,0,33.290000915527344,0.0,0.0,20.31182861328125,76986.21334838867
2022-05-31,1,0,249,308.2799987792969,401.52485209392256,76761.71969604492,0,0,0,33.04999923706055,0.0,0.0,20.31182861328125,76782.0315246582
2022-06-01,0,0,249,306.0,401.52485209392256,76194.0,0,0,0,32.279998779296875,0.0,0.0,20.31182861328125,76214.31182861328
2022-06-02,0,0,249,314.3800048828125,401.52485209392256,78280.62121582031,0,0,0,34.900001525878906,0.0,0.0,20.31182861328125,78300.9330444336
2022-06-03,0,0,249,306.20001220703125,401.52485209392256,76243.80303955078,0,0,0,32.13999938964844,0.0,0.0,20.31182861328125,76264.11486816406
2022-06-06,0,0,249,307.2200012207031,401.52485209392256,76497.78030395508,0,0,0,32.540000915527344,0.0,0.0,20.31182861328125,76518.09213256836
2022-06-07,0,0,249,309.8699951171875,401.52485209392256,77157.62878417969,0,0,0,33.33000183105469,0.0,0.0,20.31182861328125,77177.94061279297
2022-06-08,0,0,249,307.6400146484375,401.52485209392256,76602.36364746094,0,0,0,32.650001525878906,0.0,0.0,20.31182861328125,76622.67547607422
2022-06-09,0,0,249,299.3999938964844,401.52485209392256,74550.59848022461,0,0,0,29.989999771118164,0.0,0.0,20.31182861328125,74570.91030883789
2022-06-10,0,0,249,288.8399963378906,401.52485209392256,71921.15908813477,0,0,0,26.790000915527344,0.0,0.0,20.31182861328125,71941.47091674805
2022-06-13,0,0,249,275.4100036621094,401.52485209392256,68577.09091186523,0,0,0,23.079999923706055,0.0,0.0,20.31182861328125,68597.40274047852
2022-06-14,0,0,249,275.9100036621094,401.52485209392256,68701.59091186523,0,0,0,23.229999542236328,0.0,0.0,20.31182861328125,68721.90274047852
2022-06-15,0,0,249,282.79998779296875,401.52485209392256,70417.19696044922,0,0,0,24.899999618530273,0.0,0.0,20.31182861328125,70437.5087890625
2022-06-16,0,0,249,271.3900146484375,401.52485209392256,67576.11364746094,0,0,0,21.860000610351562,0.0,0.0,20.31182861328125,67596.42547607422
2022-06-17,0,0,249,274.69000244140625,401.52485209392256,68397.81060791016,0,0,0,22.670000076293945,0.0,0.0,20.31182861328125,68418.12243652344
2022-06-21,0,0,249,281.0799865722656,401.52485209392256,69988.91665649414,0,0,0,24.3799991607666,0.0,0.0,20.31182861328125,70009.22848510742
2022-06-22,0,0,249,280.6700134277344,401.52485209392256,69886.83334350586,0,0,0,24.290000915527344,0.0,0.0,20.31182861328125,69907.14517211914
2022-06-23,0,0,249,284.8500061035156,401.52485209392256,70927.65151977539,0,0,0,25.329999923706055,0.0,0.0,20.31182861328125,70947.96334838867
2022-06-24,0,0,249,294.6099853515625,401.52485209392256,73357.88635253906,0,0,0,27.979999542236328,0.0,0.0,20.31182861328125,73378.19818115234
2022-06-27,0,0,249,292.45001220703125,401.52485209392256,72820.05303955078,0,0,0,27.31999969482422,0.0,0.0,20.31182861328125,72840.36486816406
2022-06-28,0,0,249,283.5400085449219,401.52485209392256,70601.46212768555,0,0,0,24.829999923706055,0.0,0.0,20.31182861328125,70621.77395629883
2022-06-29,0,0,249,283.79998779296875,401.52485209392256,70666.19696044922,0,0,0,24.8799991607666,0.0,0.0,20.31182861328125,70686.5087890625
2022-06-30,1,0,249,280.2799987792969,401.52485209392256,69789.71969604492,0,0,0,24.0,0.0,0.0,20.31182861328125,69810.0315246582
2022-07-01,0,0,249,282.1300048828125,401.52485209392256,70250.37121582031,0,0,0,24.389999389648438,0.0,0.0,20.31182861328125,70270.6830444336
2022-07-05,0,0,249,286.9599914550781,401.52485209392256,71453.03787231445,0,0,0,25.649999618530273,0.0,0.0,20.31182861328125,71473.34970092773
2022-07-06,0,0,249,288.79998779296875,401.52485209392256,71911.19696044922,0,0,0,26.139999389648438,0.0,0.0,20.31182861328125,71931.5087890625
2022-07-07,0,0,249,294.9800109863281,401.52485209392256,73450.0227355957,0,0,0,27.760000228881836,0.0,0.0,20.31182861328125,73470.33456420898
2022-07-08,0,0,249,295.3500061035156,401.52485209392256,73542.15151977539,0,0,0,27.889999389648438,0.0,0.0,20.31182861328125,73562.46334838867
2022-07-11,0,0,249,289.0400085449219,401.52485209392256,71970.96212768555,0,0,0,26.110000610351562,0.0,0.0,20.31182861328125,71991.27395629883
2022-07-12,0,0,249,286.239990234375,401.52485209392256,71273.75756835938,0,0,0,25.350000381469727,0.0,0.0,20.31182861328125,71294.06939697266
2022-07-13,0,0,249,285.6499938964844,401.52485209392256,71126.84848022461,0,0,0,25.190000534057617,0.0,0.0,20.31182861328125,71147.16030883789
2022-07-14,0,0,249,286.6700134277344,401.52485209392256,71380.83334350586,0,0,0,25.450000762939453,0.0,0.0,20.31182861328125,71401.14517211914
2022-07-15,0,0,249,291.8699951171875,401.52485209392256,72675.62878417969,0,0,0,26.790000915527344,0.0,0.0,20.31182861328125,72695.94061279297
2022-07-18,0,0,249,289.3999938964844,401.52485209392256,72060.59848022461,0,0,0,26.170000076293945,0.0,0.0,20.31182861328125,72080.91030883789
2022-07-19,0,0,249,298.29998779296875,401.52485209392256,74276.69696044922,0,0,0,28.459999084472656,0.0,0.0,20.31182861328125,74297.0087890625
2022-07-20,0,0,249,303.0299987792969,401.52485209392256,75454.46969604492,0,0,0,29.889999389648438,0.0,0.0,20.31182861328125,75474.7815246582
2022-07-21,0,0,249,307.3800048828125,401.52485209392256,76537.62121582031,0,0,0,31.15999984741211,0.0,0.0,20.31182861328125,76557.9330444336
2022-07-22,0,0,249,301.989990234375,401.52485209392256,75195.50756835938,0,0,0,29.530000686645508,0.0,0.0,20.31182861328125,75215.81939697266
2022-07-25,0,0,249,300.2699890136719,401.52485209392256,74767.2272644043,0,0,0,29.09000015258789,0.0,0.0,20.31182861328125,74787.53909301758
2022-07-26,0,0,249,294.3699951171875,401.52485209392256,73298.12878417969,0,0,0,27.329999923706055,0.0,0.0,20.31182861328125,73318.44061279297
2022-07-27,0,0,249,306.80999755859375,401.52485209392256,76395.68939208984,0,0,0,30.739999771118164,0.0,0.0,20.31182861328125,76416.00122070312
2022-07-28,0,0,249,309.80999755859375,401.52485209392256,77142.68939208984,0,0,0,31.6200008392334,0.0,0.0,20.31182861328125,77163.00122070312
2022-07-29,0,0,249,315.4599914550781,401.52485209392256,78549.53787231445,0,0,0,33.36000061035156,0.0,0.0,20.31182861328125,78569.84970092773
2022-08-01,0,0,249,315.2699890136719,401.52485209392256,78502.2272644043,0,0,0,33.310001373291016,0.0,0.0,20.31182861328125,78522.53909301758
2022-08-02,0,0,249,314.3299865722656,401.52485209392256,78268.16665649414,0,0,0,33.0,0.0,0.0,20.31182861328125,78288.47848510742
2022-08-03,0,0,249,322.8900146484375,401.52485209392256,80399.61364746094,0,0,0,35.63999938964844,0.0,0.0,20.31182861328125,80419.92547607422
2022-08-04,0,0,249,324.3999938964844,401.52485209392256,80775.59848022461,0,0,0,36.150001525878906,0.0,0.0,20.31182861328125,80795.91030883789
2022-08-05,0,0,249,321.75,401.52485209392256,80115.75,0,0,0,35.290000915527344,0.0,0.0,20.31182861328125,80136.06182861328
2022-08-08,0,0,249,320.7099914550781,401.52485209392256,79856.78787231445,0,0,0,34.93000030517578,0.0,0.0,20.31182861328125,79877.09970092773
2022-08-09,0,0,249,317.0799865722656,401.52485209392256,78952.91665649414,0,0,0,33.72999954223633,0.0,0.0,20.31182861328125,78973.22848510742
2022-08-10,0,0,249,325.92999267578125,401.52485209392256,81156.56817626953,0,0,0,36.5,0.0,0.0,20.31182861328125,81176.88000488281
2022-08-11,0,0,249,324.0799865722656,401.52485209392256,80695.91665649414,0,0,0,35.95000076293945,0.0,0.0,20.31182861328125,80716.22848510742
2022-08-12,0,0,249,330.3900146484375,401.52485209392256,82267.11364746094,0,0,0,37.97999954223633,0.0,0.0,20.31182861328125,82287.42547607422
2022-08-15,0,0,249,333.05999755859375,401.52485209392256,82931.93939208984,0,0,0,38.88999938964844,0.0,0.0,20.31182861328125,82952.25122070312
2022-08-16,0,0,249,332.2799987792969,401.52485209392256,82737.71969604492,0,0,0,38.63999938964844,0.0,0.0,20.31182861328125,82758.0315246582
2022-08-17,0,0,249,328.489990234375,401.52485209392256,81794.00756835938,0,0,0,37.29999923706055,0.0,0.0,20.31182861328125,81814.31939697266
2022-08-18,0,0,249,329.2799987792969,401.52485209392256,81990.71969604492,0,0,0,37.54999923706055,0.0,0.0,20.31182861328125,82011.0315246582
2022-08-19,0,0,249,322.8599853515625,401.52485209392256,80392.13635253906,0,0,0,35.349998474121094,0.0,0.0,20.31182861328125,80412.44818115234
2022-08-22,0,0,249,314.3599853515625,401.52485209392256,78275.63635253906,0,0,0,32.56999969482422,0.0,0.0,20.31182861328125,78295.94818115234
2022-08-23,0,0,249,314.1000061035156,401.52485209392256,78210.90151977539,0,0,0,32.459999084472656,0.0,0.0,20.31182861328125,78231.21334838867
2022-08-24,0,0,249,315.010009765625,401.52485209392256,78437.49243164062,0,0,0,32.709999084472656,0.0,0.0,20.31182861328125,78457.8042602539
2022-08-25,0,0,249,320.5799865722656,401.52485209392256,79824.41665649414,0,0,0,34.43000030517578,0.0,0.0,20.31182861328125,79844.72848510742
2022-08-26,0,0,249,307.44000244140625,401.52485209392256,76552.56060791016,0,0,0,30.239999771118164,0.0,0.0,20.31182861328125,76572.87243652344
2022-08-29,0,0,249,304.4100036621094,401.52485209392256,75798.09091186523,0,0,0,29.309999465942383,0.0,0.0,20.31182861328125,75818.40274047852
2022-08-30,0,0,249,301.0199890136719,401.52485209392256,74953.9772644043,0,0,0,28.329999923706055,0.0,0.0,20.31182861328125,74974.28909301758
2022-08-31,1,0,249,299.2699890136719,401.52485209392256,74518.2272644043,0,0,0,27.809999465942383,0.0,0.0,20.31182861328125,74538.53909301758
2022-09-01,0,0,249,299.3999938964844,401.52485209392256,74550.59848022461,0,0,0,27.84000015258789,0.0,0.0,20.31182861328125,74570.91030883789
2022-09-02,0,0,249,295.1700134277344,401.52485209392256,73497.33334350586,0,0,0,26.68000030517578,0.0,0.0,20.31182861328125,73517.64517211914
2022-09-06,0,0,249,293.04998779296875,401.52485209392256,72969.44696044922,0,0,0,26.06999969482422,0.0,0.0,20.31182861328125,72989.7587890625
2022-09-07,0,0,249,298.9700012207031,401.52485209392256,74443.53030395508,0,0,0,27.610000610351562,0.0,0.0,20.31182861328125,74463.84213256836
2022-09-08,0,0,249,300.5199890136719,401.52485209392256,74829.4772644043,0,0,0,28.059999465942383,0.0,0.0,20.31182861328125,74849.78909301758
2022-09-09,0,0,249,307.0899963378906,401.52485209392256,76465.40908813477,0,0,0,29.84000015258789,0.0,0.0,20.31182861328125,76485.72091674805
2022-09-12,0,0,249,310.739990234375,401.52485209392256,77374.25756835938,0,0,0,30.93000030517578,0.0,0.0,20.31182861328125,77394.56939697266
2022-09-13,0,0,249,293.70001220703125,401.52485209392256,73131.30303955078,0,0,0,25.84000015258789,0.0,0.0,20.31182861328125,73151.61486816406
2022-09-14,0,0,249,296.0299987792969,401.52485209392256,73711.46969604492,0,0,0,26.420000076293945,0.0,0.0,20.31182861328125,73731.7815246582
2022-09-15,0,0,249,291.1000061035156,401.52485209392256,72483.90151977539,0,0,0,25.09000015258789,0.0,0.0,20.31182861328125,72504.21334838867
2022-09-16,0,0,249,289.32000732421875,401.52485209392256,72040.68182373047,0,0,0,24.600000381469727,0.0,0.0,20.31182861328125,72060.99365234375
2022-09-19,0,0,249,291.04998779296875,401.52485209392256,72471.44696044922,0,0,0,25.190000534057617,0.0,0.0,20.31182861328125,72491.7587890625
2022-09-20,0,0,249,288.7300109863281,401.52485209392256,71893.7727355957,0,0,0,24.59000015258789,0.0,0.0,20.31182861328125,71914.08456420898
2022-09-21,0,0,249,283.55999755859375,401.52485209392256,70606.43939208984,0,0,0,23.239999771118164,0.0,0.0,20.31182861328125,70626.75122070312
2022-09-22,0,0,249,280.07000732421875,401.52485209392256,69737.43182373047,0,0,0,22.3799991607666,0.0,0.0,20.31182861328125,69757.74365234375
2022-09-23,0,0,249,275.510009765625,401.52485209392256,68601.99243164062,0,0,0,21.309999465942383,0.0,0.0,20.31182861328125,68622.3042602539
2022-09-26,0,0,249,274.3699951171875,401.52485209392256,68318.12878417969,0,0,0,21.020000457763672,0.0,0.0,20.31182861328125,68338.44061279297
2022-09-27,0,0,249,274.4800109863281,401.52485209392256,68345.5227355957,0,0,0,21.040000915527344,0.0,0.0,20.31182861328125,68365.83456420898
2022-09-28,0,0,249,279.94000244140625,401.52485209392256,69705.06060791016,0,0,0,22.270000457763672,0.0,0.0,20.31182861328125,69725.37243652344
2022-09-29,0,0,249,271.8699951171875,401.52485209392256,67695.62878417969,0,0,0,20.389999389648438,0.0,0.0,20.31182861328125,67715.94061279297
2022-09-30,1,0,249,267.260009765625,401.52485209392256,66547.74243164062,0,0,0,19.31999969482422,0.0,0.0,20.31182861328125,66568.0542602539
2022-10-03,0,0,249,273.5299987792969,401.52485209392256,68108.96969604492,0,0,0,20.65999984741211,0.0,0.0,20.31182861328125,68129.2815246582
2022-10-04,0,0,249,282.1300048828125,401.52485209392256,70250.37121582031,0,0,0,22.579999923706055,0.0,0.0,20.31182861328125,70270.6830444336
2022-10-05,0,0,249,281.9800109863281,401.52485209392256,70213.0227355957,0,0,0,22.579999923706055,0.0,0.0,20.31182861328125,70233.33456420898
2022-10-06,0,0,249,279.760009765625,401.52485209392256,69660.24243164062,0,0,0,22.010000228881836,0.0,0.0,20.31182861328125,69680.5542602539
2022-10-07,0,0,249,269.1000061035156,401.52485209392256,67005.90151977539,0,0,0,19.5,0.0,0.0,20.31182861328125,67026.21334838867
2022-10-10,0,0,249,266.4100036621094,401.52485209392256,66336.09091186523,0,0,0,18.889999389648438,0.0,0.0,20.31182861328125,66356.40274047852
2022-10-11,0,0,249,262.75,401.52485209392256,65424.75,0,0,0,18.139999389648438,0.0,0.0,20.31182861328125,65445.06182861328
2022-10-12,0,0,249,262.6600036621094,401.52485209392256,65402.340911865234,0,0,0,18.100000381469727,0.0,0.0,20.31182861328125,65422.652740478516
2022-10-13,0,0,249,268.82000732421875,401.52485209392256,66936.18182373047,0,0,0,19.309999465942383,0.0,0.0,20.31182861328125,66956.49365234375
2022-10-14,0,0,249,260.739990234375,401.52485209392256,64924.257568359375,0,0,0,17.56999969482422,0.0,0.0,20.31182861328125,64944.569396972656
2022-10-17,0,0,249,269.3500061035156,401.52485209392256,67068.15151977539,0,0,0,19.299999237060547,0.0,0.0,20.31182861328125,67088.46334838867
2022-10-18,0,0,67,271.4800109863281,401.5248520939225,18189.160736083984,0,0,2498,19.780000686645508,19.780000686645508,49410.44171524048,19.232112884521484,67618.83456420898
2022-10-19,0,0,37,270.489990234375,401.5248520939225,10008.129638671875,0,0,2914,19.540000915527344,19.745738536753553,56939.56266784668,5.291439056396484,66952.98374557495
2022-10-20,0,0,21,269.1099853515625,401.5248520939225,5651.3096923828125,0,0,3138,19.209999084472656,19.70749582250533,60280.977127075195,8.011409759521484,65940.29822921753
2022-10-21,0,0,12,275.4200134277344,401.52485209392245,3305.0401611328125,0,0,3258,20.56999969482422,19.73926392093328,67017.0590057373,18.39156723022461,70340.49073410034
2022-10-24,0,0,7,278.45001220703125,401.52485209392245,1949.1500854492188,0,0,3324,21.270000457763672,19.76965760668262,70701.48152160645,6.821598052978516,72657.45320510864
2022-10-25,0,0,6,284.2099914550781,401.52485209392245,1705.2599487304688,0,0,3336,22.549999237060547,19.779658835568874,75226.79745483398,20.431598663330078,76952.48900222778
2022-10-26,0,0,4,277.92999267578125,401.52485209392245,1111.719970703125,0,0,3363,21.059999465942383,19.789938109140117,70824.77820396423,7.671598434448242,71944.1697731018
2022-10-27,0,0,3,272.8699951171875,401.52485209392245,818.6099853515625,0,0,3377,19.899999618530273,19.7903943901977,67202.29871177673,1.941598892211914,68022.85029602051
2022-10-28,0,0,3,281.2200012207031,401.52485209392245,843.6600036621094,0,0,3377,21.700000762939453,19.7903943901977,73280.90257644653,1.941598892211914,74126.50417900085
2022-10-31,1,0,3,277.95001220703125,401.52485209392245,833.8500366210938,0,0,3377,20.950000762939453,19.7903943901977,70748.15257644653,1.941598892211914,71583.94421195984
2022-11-01,0,0,3,275.1099853515625,401.52485209392245,825.3299560546875,0,0,3377,20.299999237060547,19.7903943901977,68553.09742355347,1.941598892211914,69380.36897850037
2022-11-02,0,0,2,265.67999267578125,401.52485209392245,531.3599853515625,0,0,3391,18.200000762939453,19.783828329807957,61716.202587127686,12.82158088684082,62260.38415336609
2022-11-03,0,0,1,260.489990234375,401.52485209392245,260.489990234375,0,0,3406,17.149999618530273,19.772228966722473,58412.89870071411,16.06157684326172,58689.45026779175
2022-11-04,0,0,1,264.67999267578125,401.52485209392245,264.67999267578125,0,0,3406,17.950000762939453,19.772228966722473,61137.70259857178,16.06157684326172,61418.44416809082
2022-11-07,0,0,1,267.5899963378906,401.52485209392245,267.5899963378906,0,0,3406,18.520000457763672,19.772228966722473,63079.12155914307,16.06157684326172,63362.77313232422
2022-11-08,0,0,1,269.5400085449219,401.52485209392245,269.5400085449219,0,0,3406,18.920000076293945,19.772228966722473,64441.52025985718,16.06157684326172,64727.12184524536
2022-11-09,0,0,1,263.32000732421875,401.52485209392245,263.32000732421875,0,0,3406,17.600000381469727,19.772228966722473,59945.60129928589,16.06157684326172,60224.98288345337
2022-11-10,0,0,1,282.75,401.52485209392245,282.75,0,0,3406,21.450000762939453,19.772228966722473,73058.70259857178,16.06157684326172,73357.51417541504
2022-11-11,0,0,1,287.9599914550781,401.52485209392245,287.9599914550781,0,0,3406,22.670000076293945,19.772228966722473,77214.02025985718,16.06157684326172,77518.04182815552
2022-11-14,0,0,1,285.44000244140625,401.52485209392245,285.44000244140625,0,0,3406,22.06999969482422,19.772228966722473,75170.41896057129,16.06157684326172,75471.92053985596
2022-11-15,0,0,1,289.3900146484375,401.52485209392245,289.3900146484375,0,0,3406,22.959999084472656,19.772228966722473,78201.75688171387,16.06157684326172,78507.20847320557
2022-11-16,0,0,1,285.44000244140625,401.52485209392245,285.44000244140625,0,0,3406,22.030000686645508,19.772228966722473,75034.1823387146,16.06157684326172,75335.68391799927
2022-11-17,0,0,1,284.80999755859375,401.52485209392245,284.80999755859375,0,0,3406,21.860000610351562,19.772228966722473,74455.16207885742,16.06157684326172,74756.03365325928
2022-11-18,0,0,1,284.82000732421875,401.52485209392245,284.82000732421875,0,0,3406,21.84000015258789,19.772228966722473,74387.04051971436,16.06157684326172,74687.92210388184
2022-11-21,0,0,1,281.8900146484375,401.52485209392245,281.8900146484375,0,0,3406,21.18000030517578,19.772228966722473,72139.08103942871,16.06157684326172,72437.03263092041
2022-11-22,0,0,1,285.95001220703125,401.52485209392245,285.95001220703125,0,0,3406,22.06999969482422,19.772228966722473,75170.41896057129,16.06157684326172,75472.43054962158
2022-11-23,0,0,1,288.82000732421875,401.52485209392245,288.82000732421875,0,0,3406,22.729999542236328,19.772228966722473,77418.37844085693,16.06157684326172,77723.26002502441
2022-11-25,0,0,1,286.9200134277344,401.52485209392245,286.9200134277344,0,0,3406,22.260000228881836,19.772228966722473,75817.56077957153,16.06157684326172,76120.54236984253
2022-11-28,0,0,1,282.7099914550781,401.52485209392245,282.7099914550781,0,0,3406,21.280000686645508,19.772228966722473,72479.6823387146,16.06157684326172,72778.45390701294
2022-11-29,0,0,1,280.57000732421875,401.52485209392245,280.57000732421875,0,0,3406,20.770000457763672,19.772228966722473,70742.62155914307,16.06157684326172,71039.25314331055
2022-11-30,1,0,1,293.3599853515625,401.52485209392245,293.3599853515625,0,0,3406,23.559999465942383,19.772228966722473,80245.35818099976,16.06157684326172,80554.77974319458
2022-12-01,0,0,1,293.7200012207031,401.52485209392245,293.7200012207031,0,0,3406,23.690000534057617,19.772228966722473,80688.14181900024,16.06157684326172,80997.92339706421
2022-12-02,0,0,1,292.54998779296875,401.52485209392245,292.54998779296875,0,0,3406,23.40999984741211,19.772228966722473,79734.45948028564,16.06157684326172,80043.07104492188
2022-12-05,0,0,1,287.6400146484375,401.52485209392245,287.6400146484375,0,0,3406,22.229999542236328,19.772228966722473,75715.37844085693,16.06157684326172,76019.08003234863
2022-12-06,0,0,1,281.67999267578125,401.52485209392245,281.67999267578125,0,0,3406,20.81999969482422,19.772228966722473,70912.91896057129,16.06157684326172,71210.66053009033
2022-12-07,0,0,1,280.5299987792969,401.52485209392245,280.5299987792969,0,0,3406,20.56999969482422,19.772228966722473,70061.41896057129,16.06157684326172,70358.01053619385
2022-12-08,0,0,1,283.8500061035156,401.52485209392245,283.8500061035156,0,0,3406,21.299999237060547,19.772228966722473,72547.79740142822,16.06157684326172,72847.708984375
2022-12-09,0,0,1,282.0400085449219,401.52485209392245,282.0400085449219,0,0,3406,20.889999389648438,19.772228966722473,71151.33792114258,16.06157684326172,71449.43950653076
2022-12-12,0,0,1,285.5799865722656,401.52485209392245,285.5799865722656,0,0,3406,21.649999618530273,19.772228966722473,73739.89870071411,16.06157684326172,74041.54026412964
2022-12-13,0,0,1,288.6499938964844,401.52485209392245,288.6499938964844,0,0,3406,22.329999923706055,19.772228966722473,76055.97974014282,16.06157684326172,76360.69131088257
2022-12-14,0,0,1,286.510009765625,401.52485209392245,286.510009765625,0,0,3406,21.799999237060547,19.772228966722473,74250.79740142822,16.06157684326172,74553.36898803711
2022-12-15,0,0,1,276.8900146484375,401.52485209392245,276.8900146484375,0,0,3406,19.639999389648438,19.772228966722473,66893.83792114258,16.06157684326172,67186.78951263428
2022-12-16,0,0,1,274.25,401.52485209392245,274.25,0,0,3406,19.059999465942383,19.772228966722473,64918.358180999756,16.06157684326172,65208.66975784302
2022-12-19,0,0,1,269.75,401.52485209392245,269.75,0,0,3406,18.270000457763672,19.772228966722473,62227.62155914307,16.06157684326172,62513.43313598633
2022-12-20,0,0,1,269.5400085449219,401.52485209392245,269.5400085449219,0,0,3406,18.190000534057617,19.772228966722473,61955.141819000244,16.06157684326172,62240.74340438843
2022-12-21,0,0,1,273.45001220703125,401.52485209392245,273.45001220703125,0,0,3406,18.979999542236328,19.772228966722473,64645.87844085693,16.06157684326172,64935.39002990723
2022-12-22,0,0,1,266.760009765625,401.52485209392245,266.760009765625,0,0,3406,17.540000915527344,19.772228966722473,59741.24311828613,16.06157684326172,60024.06470489502
2022-12-23,0,0,1,267.3599853515625,401.52485209392245,267.3599853515625,0,0,3406,17.59000015258789,19.772228966722473,59911.540519714355,16.06157684326172,60194.96208190918
2022-12-27,0,0,1,263.5799865722656,401.52485209392245,263.5799865722656,0,0,3406,16.84000015258789,19.772228966722473,57357.040519714355,16.06157684326172,57636.68208312988
2022-12-28,0,0,1,260.1000061035156,401.52485209392245,260.1000061035156,0,0,3406,16.15999984741211,19.772228966722473,55040.959480285645,16.06157684326172,55317.12106323242
2022-12-29,0,0,1,266.44000244140625,401.52485209392245,266.44000244140625,0,0,3406,17.299999237060547,19.772228966722473,58923.79740142822,16.06157684326172,59206.29898071289
2022-12-30,0,0,1,266.2799987792969,401.52485209392245,266.2799987792969,0,0,3406,17.299999237060547,19.772228966722473,58923.79740142822,16.06157684326172,59206.13897705078
2023-01-03,0,0,1,264.4800109863281,401.52485209392245,264.4800109863281,0,0,3406,16.90999984741211,19.772228966722473,57595.459480285645,16.06157684326172,57876.001068115234
2023-01-04,0,0,1,265.739990234375,401.52485209392245,265.739990234375,0,0,3406,17.170000076293945,19.772228966722473,58481.02025985718,16.06157684326172,58762.821826934814
2023-01-05,0,0,1,261.5799865722656,401.52485209392245,261.5799865722656,0,0,3406,16.360000610351562,19.772228966722473,55722.16207885742,16.06157684326172,55999.80364227295
2023-01-06,0,0,1,268.79998779296875,401.52485209392245,268.79998779296875,0,0,3406,17.639999389648438,19.772228966722473,60081.83792114258,16.06157684326172,60366.69948577881
2023-01-09,0,0,1,270.5400085449219,401.52485209392245,270.5400085449219,0,0,3406,18.010000228881836,19.772228966722473,61342.06077957153,16.06157684326172,61628.66236495972
2023-01-10,0,0,1,272.8299865722656,401.52485209392245,272.8299865722656,0,0,3406,18.489999771118164,19.772228966722473,62976.93922042847,16.06157684326172,63265.830783843994
2023-01-11,0,0,1,277.54998779296875,401.52485209392245,277.54998779296875,0,0,3406,19.40999984741211,19.772228966722473,66110.45948028564,16.06157684326172,66404.07104492188
2023-01-12,0,0,1,279.04998779296875,401.52485209392245,279.04998779296875,0,0,3406,19.709999084472656,19.772228966722473,67132.25688171387,16.06157684326172,67427.3684463501
2023-01-13,0,0,1,280.9700012207031,401.52485209392245,280.9700012207031,0,0,3406,20.100000381469727,19.772228966722473,68460.60129928589,16.06157684326172,68757.63287734985
2023-01-17,0,0,1,281.5400085449219,401.52485209392245,281.5400085449219,0,0,3406,20.209999084472656,19.772228966722473,68835.25688171387,16.06157684326172,69132.85846710205
2023-01-18,0,0,1,277.8800048828125,401.52485209392245,277.8800048828125,0,0,3406,19.459999084472656,19.772228966722473,66280.75688171387,16.06157684326172,66574.69846343994
2023-01-19,0,0,1,275.1499938964844,401.52485209392245,275.1499938964844,0,0,3406,18.850000381469727,19.772228966722473,64203.10129928589,16.06157684326172,64494.312870025635
2023-01-20,0,0,1,282.67999267578125,401.52485209392245,282.67999267578125,0,0,3406,20.389999389648438,19.772228966722473,69448.33792114258,16.06157684326172,69747.07949066162
2023-01-23,0,0,1,288.9599914550781,401.52485209392245,288.9599914550781,0,0,3406,21.729999542236328,19.772228966722473,74012.37844085693,16.06157684326172,74317.40000915527
2023-01-24,0,0,1,288.3699951171875,401.52485209392245,288.3699951171875,0,0,3406,21.600000381469727,19.772228966722473,73569.60129928589,16.06157684326172,73874.03287124634
2023-01-25,0,0,1,287.7300109863281,401.52485209392245,287.7300109863281,0,0,3406,21.440000534057617,19.772228966722473,73024.64181900024,16.06157684326172,73328.43340682983
2023-01-26,0,0,1,293.3399963378906,401.52485209392245,293.3399963378906,0,0,3406,22.68000030517578,19.772228966722473,77248.08103942871,16.06157684326172,77557.48261260986
2023-01-27,0,0,1,296.260009765625,401.52485209392245,296.260009765625,0,0,3406,23.329999923706055,19.772228966722473,79461.97974014282,16.06157684326172,79774.30132675171
2023-01-30,0,0,1,290.2699890136719,401.52485209392245,290.2699890136719,0,0,3406,21.93000030517578,19.772228966722473,74693.58103942871,16.06157684326172,74999.91260528564
2023-01-31,1,0,1,294.6199951171875,401.52485209392245,294.6199951171875,0,0,3406,22.90999984741211,19.772228966722473,78031.45948028564,16.06157684326172,78342.1410522461
2023-02-01,0,0,56,300.9200134277344,302.71652840391636,16851.520751953125,0,0,2725,24.389999389648438,19.772228966722473,66462.74833679199,75.05042266845703,83389.31951141357
2023-02-02,0,0,197,311.7200012207031,309.1606383895353,61408.840240478516,0,0,1090,26.90999984741211,19.772228966722473,29331.8998336792,120.38000106811523,90861.12007522583
2023-02-03,0,0,215,306.17999267578125,308.9110959576861,65828.69842529297,0,0,872,25.520000457763672,19.772228966722473,22253.440399169922,172.5002326965332,88254.63905715942
2023-02-06,0,0,229,303.5899963378906,308.58578855734925,69522.10916137695,0,0,698,24.8700008392334,19.772228966722473,17359.260585784912,249.62042999267578,87130.99017715454
2023-02-07,0,0,265,309.8800048828125,308.76160662420466,82118.20129394531,0,0,280,26.40999984741211,19.772228966722473,7394.799957275391,133.3201904296875,89646.32144165039
2023-02-08,0,0,270,304.3699951171875,308.6802804851858,82179.89868164062,0,0,224,24.989999771118164,19.772228966722473,5597.759948730469,10.910202026367188,87788.56883239746
2023-02-09,0,0,273,301.67999267578125,308.60335424552204,82358.63800048828,0,0,180,24.31999969482422,19.772228966722473,4377.599945068359,175.95021057128906,86912.18815612793
2023-02-10,0,0,276,299.70001220703125,308.5065787885819,82717.20336914062,0,0,144,23.81999969482422,19.772228966722473,3430.0799560546875,134.3701629638672,86281.65348815918
2023-02-13,0,0,278,304.5,308.4777544807504,84651.0,0,0,116,24.950000762939453,19.772228966722473,2894.2000885009766,223.97018432617188,87769.17027282715
2023-02-14,0,0,280,306.75,308.46541337731645,85890.0,0,0,93,25.489999771118164,19.772228966722473,2370.5699787139893,196.74017906188965,88457.31015777588
2023-02-15,0,0,285,309.1000061035156,308.47654658303924,88093.50173950195,0,0,38,26.059999465942383,19.772228966722473,990.2799797058105,84.54011917114258,89168.3218383789
2023-02-16,0,0,285,303.29998779296875,308.47654658303924,86440.4965209961,0,0,31,24.56999969482422,19.772228966722473,761.6699905395508,256.5301170349121,87458.69662857056
2023-02-17,0,0,286,301.1600036621094,308.4509642651339,86131.76104736328,0,0,25,24.040000915527344,19.772228966722473,601.0000228881836,99.6101188659668,86832.37118911743
2023-02-21,0,0,201,294.0299987792969,308.4509642651339,59100.02975463867,0,0,1147,22.350000381469727,22.293815302682734,25635.450437545776,15.459587097167969,84750.93977928162
2023-02-22,0,0,141,294.25,308.4509642651339,41489.25,0,0,1936,22.3700008392334,22.3248640569898,43308.32162475586,20.5289249420166,84818.10054969788
2023-02-23,0,0,141,296.82000732421875,308.4509642651339,41851.621032714844,0,0,1936,22.93000030517578,22.3248640569898,44392.48059082031,20.5289249420166,86264.63054847717
2023-02-24,0,0,99,291.8500061035156,308.4509642651339,28893.150604248047,0,0,2499,21.770000457763672,22.19985877233021,54403.231143951416,21.718923568725586,83318.10067176819
2023-02-27,0,0,70,293.94000244140625,308.4509642651339,20575.800170898438,0,0,2883,22.239999771118164,22.205205336164607,64117.91934013367,5.819082260131836,84699.53859329224
2023-02-28,1,0,49,293.55999755859375,308.4509642651339,14384.439880371094,0,0,3161,22.1299991607666,22.19859118976769,69952.92734718323,18.43926429748535,84355.8064918518
2023-03-01,0,0,35,291.20001220703125,308.4509642651339,10192.000427246094,0,0,3350,21.59000015258789,22.16425575513277,72326.50051116943,14.729406356811523,82533.23034477234
2023-03-02,0,0,25,293.6099853515625,308.4509642651339,7340.2496337890625,0,0,3483,22.110000610351562,22.16218399680492,77009.13212585449,10.199178695678711,84359.58093833923
2023-03-03,0,0,25,299.67999267578125,308.4509642651339,7491.999816894531,0,0,3483,23.459999084472656,22.16218399680492,81711.17681121826,10.199178695678711,89213.37580680847
2023-03-06,0,0,25,300.0199890136719,308.4509642651339,7500.499725341797,0,0,3483,23.559999465942383,22.16218399680492,82059.47813987732,10.199178695678711,89570.1770439148
2023-03-07,0,0,25,296.3399963378906,308.4509642651339,7408.499908447266,0,0,3483,22.68000030517578,22.16218399680492,78994.44106292725,10.199178695678711,86413.14015007019
2023-03-08,0,0,25,297.82000732421875,308.4509642651339,7445.500183105469,0,0,3483,22.989999771118164,22.16218399680492,80074.16920280457,10.199178695678711,87529.86856460571
2023-03-09,0,0,18,292.6600036621094,308.4509642651339,5267.880065917969,0,0,3577,21.780000686645508,22.152140599780882,77907.06245613098,11.499139785766602,83186.44166183472
2023-03-10,0,0,18,288.54998779296875,308.4509642651339,5193.8997802734375,0,0,3577,20.8799991607666,22.152140599780882,74687.75699806213,11.499139785766602,79893.15591812134
2023-03-13,0,0,13,290.69000244140625,308.4509642651339,3778.9700317382812,0,0,3645,21.329999923706055,22.136802995947388,77747.84972190857,14.509157180786133,81541.32891082764
2023-03-14,0,0,13,297.3699951171875,308.4509642651339,3865.8099365234375,0,0,3645,22.780000686645508,22.136802995947388,83033.10250282288,14.509157180786133,86913.4215965271
2023-03-15,0,0,13,298.92999267578125,308.4509642651339,3886.0899047851562,0,0,3645,23.110000610351562,22.136802995947388,84235.95222473145,14.509157180786133,88136.55128669739
2023-03-16,0,0,13,306.80999755859375,308.4509642651339,3988.5299682617188,0,0,3645,24.940000534057617,22.136802995947388,90906.30194664001,14.509157180786133,94909.34107208252
2023-03-17,0,0,13,305.3599853515625,308.4509642651339,3969.6798095703125,0,0,3645,24.56999969482422,22.136802995947388,89557.64888763428,14.509157180786133,93541.83785438538
2023-03-20,0,0,13,305.9700012207031,308.4509642651339,3977.6100158691406,0,0,3645,24.829999923706055,22.136802995947388,90505.34972190857,14.509157180786133,94497.4688949585
2023-03-21,0,0,13,310.3399963378906,308.4509642651339,4034.419952392578,0,0,3645,25.8799991607666,22.136802995947388,94332.59694099426,14.509157180786133,98381.52605056763
2023-03-22,0,0,13,306.1199951171875,308.4509642651339,3979.5599365234375,0,0,3645,24.68000030517578,22.136802995947388,89958.60111236572,14.509157180786133,93952.67020606995
2023-03-23,0,0,13,309.75,308.4509642651339,4026.75,0,0,3645,25.559999465942383,22.136802995947388,93166.19805335999,14.509157180786133,97207.45721054077
2023-03-24,0,0,13,310.8900146484375,308.4509642651339,4041.5701904296875,0,0,3645,25.81999969482422,22.136802995947388,94113.89888763428,14.509157180786133,98169.97823524475
2023-03-27,0,0,13,308.760009765625,308.4509642651339,4013.880126953125,0,0,3645,25.290000915527344,22.136802995947388,92182.05333709717,14.509157180786133,96210.44262123108
2023-03-28,0,0,13,307.1199951171875,308.4509642651339,3992.5599365234375,0,0,3645,24.8700008392334,22.136802995947388,90651.15305900574,14.509157180786133,94658.22215270996
2023-03-29,0,0,13,312.7200012207031,308.4509642651339,4065.3600158691406,0,0,3645,26.229999542236328,22.136802995947388,95608.34833145142,14.509157180786133,99688.21750450134
2023-03-30,0,0,75,315.67999267578125,314.4269610846024,23675.999450683594,0,0,2916,26.940000534057617,22.136802995947388,78557.04155731201,81.61000061035156,102314.65100860596
2023-03-31,1,0,126,320.92999267578125,317.0591405381748,40437.17907714844,0,0,2333,28.260000228881836,22.136802995947388,65930.58053398132,189.76050758361816,106557.52011871338
2023-04-03,0,0,167,320.1499938964844,317.8179727997957,53465.04898071289,0,0,1867,28.059999465942383,22.136802995947388,52388.01900291443,139.57050895690918,105992.63849258423
2023-04-04,0,0,199,319.07000732421875,318.0193049846276,63494.93145751953,0,0,1494,27.780000686645508,22.136802995947388,41503.32102584839,291.2705307006836,105289.5230140686
2023-04-05,0,0,225,315.9200134277344,317.77672018249774,71082.00302124023,0,0,1196,26.889999389648438,22.136802995947388,32160.43927001953,90.56999969482422,103333.01229095459
2023-04-06,0,0,245,318.04998779296875,317.79902774253617,77922.24700927734,0,0,957,27.43000030517578,22.136802995947388,26250.510292053223,285.34031677246094,104458.09761810303
2023-04-10,0,0,262,317.8699951171875,317.80363249585326,83281.93872070312,0,0,766,27.3700008392334,22.136802995947388,20965.420642852783,109.22056007385254,104356.57992362976
2023-04-11,0,0,275,315.8299865722656,317.71033287037454,86853.24630737305,0,0,613,26.84000015258789,22.136802995947388,16452.920093536377,109.95075798034668,103416.11715888977
2023-04-12,0,0,275,313.0400085449219,317.71033287037454,86086.00234985352,0,0,613,26.1299991607666,22.136802995947388,16017.689485549927,109.95075798034668,102213.64259338379
2023-04-13,0,0,285,319.1700134277344,317.7615497320363,90963.4538269043,0,0,491,27.6299991607666,22.136802995947388,13566.329587936401,289.1105213165283,104818.89393615723
2023-04-14,0,0,294,318.57000732421875,317.7862984338378,93659.58215332031,0,0,393,27.469999313354492,22.13680299594739,10795.709730148315,114.0403881072998,104569.33227157593
2023-04-17,0,0,301,318.8399963378906,317.8108030362577,95970.83889770508,0,0,315,27.5,22.13680299594739,8662.5,27.16041374206543,104660.49931144714
2023-04-18,0,0,306,318.8599853515625,317.8279465381418,97571.15551757812,0,0,252,27.520000457763672,22.13680299594739,6935.040115356445,166.62051582336426,104672.81614875793
2023-04-19,0,0,310,318.7099914550781,317.83932776287645,98800.09735107422,0,0,202,27.459999084472656,22.136802995947395,5546.919815063477,264.78050422668457,104611.79767036438
2023-04-20,0,0,314,316.2799987792969,317.81946369939135,99311.91961669922,0,0,162,26.81999969482422,22.136802995947395,4344.839950561523,72.46049690246582,103729.22006416321
2023-04-21,0,0,316,316.6099853515625,317.81180877313926,100048.75537109375,0,0,130,26.8700008392334,22.136802995947395,3493.100109100342,299.08055305480957,103840.9360332489
2023-04-24,0,0,319,315.95001220703125,317.7942997145238,100788.05389404297,0,0,104,26.709999084472656,22.136802995947395,2777.8399047851562,45.69049263000488,103611.58429145813
2023-04-25,0,0,319,309.989990234375,317.7942997145238,98886.80688476562,0,0,104,25.200000762939453,22.136802995947395,2620.800079345703,45.69049263000488,101553.29745674133
2023-04-26,0,0,319,311.8699951171875,317.7942997145238,99486.52844238281,0,0,104,25.6200008392334,22.136802995947395,2664.4800872802734,45.69049263000488,102196.69902229309
2023-04-27,0,0,320,320.3500061035156,317.8022862969894,102512.001953125,0,0,84,27.690000534057617,22.136802995947395,2325.96004486084,279.1404972076416,105117.10249519348
2023-04-28,0,0,322,322.55999755859375,317.8318372986143,103864.31921386719,0,0,68,28.25,22.136802995947395,1921.0,86.0205020904541,105871.33971595764
2023-05-01,0,0,323,322.19000244140625,317.8453300699542,104067.37078857422,0,0,55,28.170000076293945,22.136802995947395,1549.350004196167,130.04050064086914,105746.76129341125
2023-05-02,0,0,324,319.3800048828125,317.85006672061115,103479.12158203125,0,0,44,27.420000076293945,22.136802995947395,1206.4800033569336,112.28049659729004,104797.88208198547
2023-05-03,0,0,325,317.2900085449219,317.84834346468597,103119.25277709961,0,0,36,26.8799991607666,22.136802995947395,967.6799697875977,10.030481338500977,104096.96322822571
2023-05-04,0,0,325,316.1700134277344,317.84834346468597,102755.25436401367,0,0,29,26.579999923706055,22.136802995947395,770.8199977874756,196.09048080444336,103722.16484260559
2023-05-05,0,0,326,322.8900146484375,317.86380871371585,105262.14477539062,0,0,24,28.209999084472656,22.136802995947395,677.0399780273438,14.25046157836914,105953.43521499634
2023-05-08,0,0,326,323.69000244140625,317.86380871371585,105522.94079589844,0,0,20,28.440000534057617,22.136802995947395,568.8000106811523,128.0104637145996,106219.75127029419
2023-05-09,0,0,326,321.6400146484375,317.86380871371585,104854.64477539062,0,0,16,27.889999389648438,22.136802995947395,446.239990234375,239.57046127319336,105540.4552268982
2023-05-10,0,0,327,325.1400146484375,317.88606010801163,106320.78479003906,0,0,7,28.790000915527344,22.136802995947395,201.5300064086914,173.54045486450195,106695.85525131226
2023-05-11,0,0,327,326.20001220703125,317.88606010801163,106667.40399169922,0,0,3,29.030000686645508,22.136802995947395,87.09000205993652,289.660457611084,107044.15445137024
2023-05-12,0,0,327,325.0299987792969,317.88606010801163,106284.80960083008,0,0,3,28.729999542236328,22.136802995947395,86.18999862670898,289.660457611084,106660.66005706787
2023-05-15,0,0,327,326.7900085449219,317.88606010801163,106860.33279418945,0,0,2,29.170000076293945,22.136802995947395,58.34000015258789,318.83045768737793,107237.50325202942
2023-05-16,0,0,328,327.1600036621094,317.91433432616435,107308.48120117188,0,0,1,29.280000686645508,22.136802995947395,29.280000686645508,20.950454711914062,107358.71165657043
2023-05-17,0,0,328,331.1199951171875,317.91433432616435,108607.3583984375,0,0,1,30.329999923706055,22.136802995947395,30.329999923706055,20.950454711914062,108658.63885307312
2023-05-18,0,0,328,337.2699890136719,317.91433432616435,110624.55639648438,0,0,1,31.959999084472656,22.136802995947395,31.959999084472656,20.950454711914062,110677.46685028076
2023-05-19,0,0,328,336.510009765625,317.91433432616435,110375.283203125,0,0,1,31.739999771118164,22.136802995947395,31.739999771118164,20.950454711914062,110427.97365760803
2023-05-22,0,0,328,337.6400146484375,317.91433432616435,110745.9248046875,0,0,1,32.06999969482422,22.136802995947395,32.06999969482422,20.950454711914062,110798.94525909424
2023-05-23,0,0,328,333.3599853515625,317.91433432616435,109342.0751953125,0,0,1,30.829999923706055,22.136802995947395,30.829999923706055,20.950454711914062,109393.85564994812
2023-05-24,0,0,328,331.6499938964844,317.91433432616435,108781.19799804688,0,0,1,30.329999923706055,22.136802995947395,30.329999923706055,20.950454711914062,108832.4784526825
2023-05-25,0,0,328,339.7200012207031,317.91433432616435,111428.16040039062,0,0,1,32.52000045776367,22.136802995947395,32.52000045776367,20.950454711914062,111481.6308555603
2023-05-26,0,0,328,348.3999938964844,317.91433432616435,114275.19799804688,0,0,1,34.97999954223633,22.136802995947395,34.97999954223633,20.950454711914062,114331.12845230103
2023-05-30,0,0,328,349.9800109863281,317.91433432616435,114793.44360351562,0,0,1,35.470001220703125,22.136802995947395,35.470001220703125,20.950454711914062,114849.86405944824
2023-05-31,1,0,328,347.989990234375,317.91433432616435,114140.716796875,0,0,1,34.75,22.136802995947395,34.75,20.950454711914062,114196.41725158691
2023-06-01,0,0,328,352.010009765625,317.91433432616435,115459.283203125,0,0,1,36.0099983215332,22.136802995947395,36.0099983215332,20.950454711914062,115516.24365615845
2023-06-02,0,0,328,354.6499938964844,317.91433432616435,116325.19799804688,0,0,1,36.81999969482422,22.136802995947395,36.81999969482422,20.950454711914062,116382.96845245361
2023-06-05,0,0,328,354.8999938964844,317.91433432616435,116407.19799804688,0,0,1,36.900001525878906,22.136802995947395,36.900001525878906,20.950454711914062,116465.04845428467
2023-06-06,0,0,328,354.8399963378906,317.91433432616435,116387.51879882812,0,0,1,36.86000061035156,22.136802995947395,36.86000061035156,20.950454711914062,116445.32925415039
2023-06-07,0,0,328,348.82000732421875,317.91433432616435,114412.96240234375,0,0,1,34.97999954223633,22.136802995947395,34.97999954223633,20.950454711914062,114468.8928565979
2023-06-08,0,0,328,353.1499938964844,317.91433432616435,115833.19799804688,0,0,1,36.18000030517578,22.136802995947395,36.18000030517578,20.950454711914062,115890.32845306396
2023-06-09,0,0,328,354.5,317.91433432616435,116276.0,0,0,1,36.619998931884766,22.136802995947395,36.619998931884766,20.950454711914062,116333.5704536438
2023-06-12,0,0,328,360.489990234375,317.91433432616435,118240.716796875,0,0,1,38.4900016784668,22.136802995947395,38.4900016784668,20.950454711914062,118300.15725326538
2023-06-13,0,0,328,363.260009765625,317.91433432616435,119149.283203125,0,0,1,39.349998474121094,22.136802995947395,39.349998474121094,20.950454711914062,119209.58365631104
2023-06-14,0,0,328,365.8999938964844,317.91433432616435,120015.19799804688,0,0,1,40.189998626708984,22.136802995947395,40.189998626708984,20.950454711914062,120076.3384513855
2023-06-15,0,0,328,370.260009765625,317.91433432616435,121445.283203125,0,0,1,41.599998474121094,22.136802995947395,41.599998474121094,20.950454711914062,121507.83365631104
2023-06-16,0,0,328,367.92999267578125,317.91433432616435,120681.03759765625,0,0,1,40.79999923706055,22.136802995947395,40.79999923706055,20.950454711914062,120742.78805160522
2023-06-20,0,0,328,366.8999938964844,317.91433432616435,120343.19799804688,0,0,1,40.599998474121094,22.136802995947395,40.599998474121094,20.950454711914062,120404.74845123291
2023-06-21,0,0,328,361.8999938964844,317.91433432616435,118703.19799804688,0,0,1,38.849998474121094,22.136802995947395,38.849998474121094,20.950454711914062,118762.99845123291
2023-06-22,0,0,328,366.1700134277344,317.91433432616435,120103.76440429688,0,0,1,40.13999938964844,22.136802995947395,40.13999938964844,20.950454711914062,120164.85485839844
2023-06-23,0,0,328,362.5400085449219,317.91433432616435,118913.12280273438,0,0,1,38.95000076293945,22.136802995947395,38.95000076293945,20.950454711914062,118973.02325820923
2023-06-26,0,0,328,357.67999267578125,317.91433432616435,117319.03759765625,0,0,1,37.40999984741211,22.136802995947395,37.40999984741211,20.950454711914062,117377.39805221558
2023-06-27,0,0,328,363.8299865722656,317.91433432616435,119336.23559570312,0,0,1,39.2599983215332,22.136802995947395,39.2599983215332,20.950454711914062,119396.44604873657
2023-06-28,0,0,328,364.5400085449219,317.91433432616435,119569.12280273438,0,0,1,39.5,22.136802995947395,39.5,20.950454711914062,119629.57325744629
2023-06-29,0,0,328,363.80999755859375,317.91433432616435,119329.67919921875,0,0,1,39.22999954223633,22.136802995947395,39.22999954223633,20.950454711914062,119389.8596534729
2023-06-30,1,0,328,369.4200134277344,317.91433432616435,121169.76440429688,0,0,1,41.0,22.136802995947395,41.0,20.950454711914062,121231.71485900879
2023-07-03,0,0,328,370.2900085449219,317.91433432616435,121455.12280273438,0,0,1,41.279998779296875,22.136802995947395,41.279998779296875,20.950454711914062,121517.35325622559
2023-07-05,0,0,328,370.2799987792969,317.91433432616435,121451.83959960938,0,0,1,41.25,22.136802995947395,41.25,20.950454711914062,121514.04005432129
2023-07-06,0,0,328,367.4599914550781,317.91433432616435,120526.87719726562,0,0,1,40.279998779296875,22.136802995947395,40.279998779296875,20.950454711914062,120588.10765075684
2023-07-07,0,0,328,366.239990234375,317.91433432616435,120126.716796875,0,0,1,39.869998931884766,22.136802995947395,39.869998931884766,20.950454711914062,120187.5372505188
2023-07-10,0,0,328,366.3599853515625,317.91433432616435,120166.0751953125,0,0,1,39.900001525878906,22.136802995947395,39.900001525878906,20.950454711914062,120226.9256515503
2023-07-11,0,0,328,368.1700134277344,317.91433432616435,120759.76440429688,0,0,1,40.470001220703125,22.136802995947395,40.470001220703125,20.950454711914062,120821.18486022949
2023-07-12,0,0,328,372.82000732421875,317.91433432616435,122284.96240234375,0,0,1,41.970001220703125,22.136802995947395,41.970001220703125,20.950454711914062,122347.88285827637
2023-07-13,0,0,328,379.1499938964844,317.91433432616435,124361.19799804688,0,0,1,44.060001373291016,22.136802995947395,44.060001373291016,20.950454711914062,124426.20845413208
2023-07-14,0,0,328,379.07000732421875,317.91433432616435,124334.96240234375,0,0,1,44.02000045776367,22.136802995947395,44.02000045776367,20.950454711914062,124399.93285751343
2023-07-17,0,0,328,382.6099853515625,317.91433432616435,125496.0751953125,0,0,1,45.2400016784668,22.136802995947395,45.2400016784668,20.950454711914062,125562.26565170288
2023-07-18,0,0,328,385.739990234375,317.91433432616435,126522.716796875,0,0,1,46.31999969482422,22.136802995947395,46.31999969482422,20.950454711914062,126589.98725128174
2023-07-19,0,0,328,385.6499938964844,317.91433432616435,126493.19799804688,0,0,1,46.31999969482422,22.136802995947395,46.31999969482422,20.950454711914062,126560.46845245361
2023-07-20,0,0,328,376.760009765625,317.91433432616435,123577.283203125,0,0,1,43.06999969482422,22.136802995947395,43.06999969482422,20.950454711914062,123641.30365753174
2023-07-21,0,0,328,375.6300048828125,317.91433432616435,123206.6416015625,0,0,1,42.689998626708984,22.136802995947395,42.689998626708984,20.950454711914062,123270.28205490112
2023-07-24,0,0,328,376.2300109863281,317.91433432616435,123403.44360351562,0,0,1,42.86000061035156,22.136802995947395,42.86000061035156,20.950454711914062,123467.25405883789
2023-07-25,0,0,328,378.7799987792969,317.91433432616435,124239.83959960938,0,0,1,43.720001220703125,22.136802995947395,43.720001220703125,20.950454711914062,124304.51005554199
2023-07-26,0,0,328,377.5199890136719,317.91433432616435,123826.55639648438,0,0,1,43.27000045776367,22.136802995947395,43.27000045776367,20.950454711914062,123890.77685165405
2023-07-27,0,0,328,376.6199951171875,317.91433432616435,123531.3583984375,0,0,1,42.900001525878906,22.136802995947395,42.900001525878906,20.950454711914062,123595.2088546753
2023-07-28,0,0,328,383.4800109863281,317.91433432616435,125781.44360351562,0,0,1,45.220001220703125,22.136802995947395,45.220001220703125,20.950454711914062,125847.61405944824
2023-07-31,1,0,328,383.67999267578125,317.91433432616435,125847.03759765625,0,0,1,45.310001373291016,22.136802995947395,45.310001373291016,20.950454711914062,125913.29805374146
2023-08-01,0,0,328,382.7900085449219,317.91433432616435,125555.12280273438,0,0,1,44.959999084472656,22.136802995947395,44.959999084472656,20.950454711914062,125621.03325653076
2023-08-02,0,0,328,374.3900146484375,317.91433432616435,122799.9248046875,0,0,1,42.02000045776367,22.136802995947395,42.02000045776367,20.950454711914062,122862.89525985718
2023-08-03,0,0,328,373.7900085449219,317.91433432616435,122603.12280273438,0,0,1,41.720001220703125,22.136802995947395,41.720001220703125,20.950454711914062,122665.79325866699
2023-08-04,0,0,328,372.0400085449219,317.91433432616435,122029.12280273438,0,0,1,41.13999938964844,22.136802995947395,41.13999938964844,20.950454711914062,122091.21325683594
2023-08-07,0,0,328,375.19000244140625,317.91433432616435,123062.32080078125,0,0,1,42.15999984741211,22.136802995947395,42.15999984741211,20.950454711914062,123125.43125534058
2023-08-08,0,0,328,372.0,317.91433432616435,122016.0,0,0,1,41.08000183105469,22.136802995947395,41.08000183105469,20.950454711914062,122078.03045654297
2023-08-09,0,0,328,367.9100036621094,317.91433432616435,120674.48120117188,0,0,1,39.709999084472656,22.136802995947395,39.709999084472656,20.950454711914062,120735.14165496826
2023-08-10,0,0,328,368.5899963378906,317.91433432616435,120897.51879882812,0,0,1,39.88999938964844,22.136802995947395,39.88999938964844,20.950454711914062,120958.35925292969
2023-08-11,0,0,230,366.239990234375,317.91433432616435,84235.19775390625,0,0,919,39.09000015258789,39.07155271280917,35923.71014022827,27.84935760498047,120186.7572517395
2023-08-14,0,0,230,370.3500061035156,317.91433432616435,85180.5014038086,0,0,919,40.38999938964844,39.07155271280917,37118.409439086914,27.84935760498047,122326.76020050049
2023-08-15,0,0,161,366.4200134277344,317.91433432616435,58993.622161865234,0,0,1565,39.150001525878906,39.10393477877917,61269.75238800049,19.929298400878906,120283.3038482666
2023-08-16,0,0,113,362.5400085449219,317.91433432616435,40967.02096557617,0,0,2025,37.849998474121094,38.81908998858523,76646.24691009521,10.850410461425781,117624.11828613281
2023-08-17,0,0,80,358.5799865722656,317.91433432616435,28686.39892578125,0,0,2348,36.56999969482422,38.50969639195627,85866.35928344727,31.88006591796875,114584.63827514648
2023-08-18,0,0,56,358.1300048828125,317.91433432616435,20055.2802734375,0,0,2585,36.400001525878906,38.316273690501596,94094.00394439697,0.19982147216796875,114149.48403930664
2023-08-21,0,0,40,363.8999938964844,317.91433432616435,14555.999755859375,0,0,2737,38.15999984741211,38.3075949823724,104443.91958236694,22.279747009277344,119022.1990852356
2023-08-22,0,0,28,363.3800048828125,317.91433432616435,10174.64013671875,0,0,2852,37.9900016784668,38.29478880076331,108347.4847869873,13.989612579345703,118536.1145362854
2023-08-23,0,0,28,369.1099853515625,317.91433432616435,10335.07958984375,0,0,2852,39.779998779296875,38.29478880076331,113452.55651855469,13.989612579345703,123801.62572097778
2023-08-24,0,0,20,361.2200012207031,317.91433432616435,7224.4000244140625,0,0,2930,37.15999984741211,38.264579402005154,108878.79955291748,5.269634246826172,116108.46921157837
2023-08-25,0,0,14,364.0199890136719,317.91433432616435,5096.279846191406,0,0,2987,38.040000915527344,38.26029383999336,113625.48273468018,21.109516143798828,118742.87209701538
2023-08-28,0,0,14,366.760009765625,317.91433432616435,5134.64013671875,0,0,2987,38.88999938964844,38.26029383999336,116164.42817687988,21.109516143798828,121320.17782974243
2023-08-29,0,0,14,374.7699890136719,317.91433432616435,5246.779846191406,0,0,2987,41.369998931884766,38.26029383999336,123572.1868095398,21.109516143798828,128840.076171875
2023-08-30,0,0,14,376.8599853515625,317.91433432616435,5276.039794921875,0,0,2987,42.060001373291016,38.26029383999336,125633.22410202026,21.109516143798828,130930.37341308594
2023-08-31,1,0,14,377.989990234375,317.91433432616435,5291.85986328125,0,0,2987,42.439998626708984,38.26029383999336,126768.27589797974,21.109516143798828,132081.24527740479
2023-09-01,0,0,14,377.5899963378906,317.91433432616435,5286.259948730469,0,0,2987,42.290000915527344,38.26029383999336,126320.23273468018,21.109516143798828,131627.60219955444
2023-09-05,0,0,14,378.07000732421875,317.91433432616435,5292.9801025390625,0,0,2987,42.400001525878906,38.26029383999336,126648.8045578003,21.109516143798828,131962.89417648315
2023-09-06,0,0,14,374.739990234375,317.91433432616435,5246.35986328125,0,0,2987,41.279998779296875,38.26029383999336,123303.35635375977,21.109516143798828,128570.82573318481
2023-09-07,0,0,14,372.05999755859375,317.91433432616435,5208.8399658203125,0,0,2987,40.380001068115234,38.26029383999336,120615.0631904602,21.109516143798828,125845.01267242432
2023-09-08,0,0,14,372.5799865722656,317.91433432616435,5216.119812011719,0,0,2987,40.5,38.26029383999336,120973.5,21.109516143798828,126210.72932815552
2023-09-11,0,0,14,376.9700012207031,317.91433432616435,5277.580017089844,0,0,2987,41.880001068115234,38.26029383999336,125095.5631904602,21.109516143798828,130394.25272369385
2023-09-12,0,0,14,372.7900085449219,317.91433432616435,5219.060119628906,0,0,2987,40.540000915527344,38.26029383999336,121092.98273468018,21.109516143798828,126333.15237045288
2023-09-13,0,0,14,374.2099914550781,317.91433432616435,5238.939880371094,0,0,2987,40.939998626708984,38.26029383999336,122287.77589797974,21.109516143798828,127547.82529449463
2023-09-14,0,0,14,377.2699890136719,317.91433432616435,5281.779846191406,0,0,2987,41.900001525878906,38.26029383999336,125155.3045578003,21.109516143798828,130458.1939201355
2023-09-15,0,0,14,370.80999755859375,317.91433432616435,5191.3399658203125,0,0,2987,39.75,38.26029383999336,118733.25,21.109516143798828,123945.69948196411
2023-09-18,0,0,14,370.6600036621094,317.91433432616435,5189.240051269531,0,0,2987,39.84000015258789,38.26029383999336,119002.08045578003,21.109516143798828,124212.43002319336
2023-09-19,0,0,14,369.8699951171875,317.91433432616435,5178.179931640625,0,0,2987,39.599998474121094,38.26029383999336,118285.1954421997,21.109516143798828,123484.48488998413
2023-09-20,0,0,10,364.5400085449219,317.91433432616435,3645.4000854492188,0,0,3026,37.75,38.2537170191871,114231.5,7.019550323486328,117883.9196357727
2023-09-21,0,0,7,357.8599853515625,317.91433432616435,2505.0198974609375,0,0,3056,35.599998474121094,38.227666117239465,108793.59533691406,12.599552154541016,111311.21478652954
2023-09-22,0,0,5,357.9100036621094,317.91433432616435,1789.5500183105469,0,0,3076,35.630001068115234,38.21077622745322,109597.88328552246,15.819538116455078,111403.25284194946
2023-09-25,0,0,4,359.6099853515625,317.91433432616435,1438.43994140625,0,0,3086,36.099998474121094,38.20393637731281,111404.5952911377,14.42953872680664,112857.46477127075
2023-09-26,0,0,3,354.2099914550781,317.91433432616435,1062.6299743652344,0,0,3096,34.4900016784668,38.191940464202844,106781.0451965332,23.739513397216797,107867.41468429565
2023-09-27,0,0,3,355.0400085449219,317.91433432616435,1065.1200256347656,0,0,3096,34.70000076293945,38.191940464202844,107431.20236206055,23.739513397216797,108520.06190109253
2023-09-28,0,0,3,358.010009765625,317.91433432616435,1074.030029296875,0,0,3096,35.540000915527344,38.191940464202844,110031.84283447266,23.739513397216797,111129.61237716675
2023-09-29,0,0,3,358.2699890136719,317.91433432616435,1074.8099670410156,0,0,3096,35.619998931884766,38.191940464202844,110279.51669311523,23.739513397216797,111378.06617355347
2023-10-02,0,0,3,361.260009765625,317.91433432616435,1083.780029296875,0,0,3096,36.470001220703125,38.191940464202844,112911.12377929688,23.739513397216797,114018.64332199097
2023-10-03,0,0,3,354.9200134277344,317.91433432616435,1064.7600402832031,0,0,3096,34.540000915527344,38.191940464202844,106935.84283447266,23.739513397216797,108024.34238815308
2023-10-04,0,0,3,359.75,317.91433432616435,1079.25,0,0,3096,35.939998626708984,38.191940464202844,111270.23574829102,23.739513397216797,112373.22526168823
2023-10-05,0,0,3,358.69000244140625,317.91433432616435,1076.0700073242188,0,0,3096,35.560001373291016,38.191940464202844,110093.76425170898,23.739513397216797,111193.57377243042
2023-10-06,0,0,3,364.70001220703125,317.91433432616435,1094.1000366210938,0,0,3096,37.349998474121094,38.191940464202844,115635.5952758789,23.739513397216797,116753.43482589722
2023-10-09,0,0,3,366.55999755859375,317.91433432616435,1099.6799926757812,0,0,3096,37.900001525878906,38.191940464202844,117338.4047241211,23.739513397216797,118461.82423019409
2023-10-10,0,0,3,368.5899963378906,317.91433432616435,1105.7699890136719,0,0,3096,38.52000045776367,38.191940464202844,119257.92141723633,23.739513397216797,120387.43091964722
2023-10-11,0,0,3,371.2200012207031,317.91433432616435,1113.6600036621094,0,0,3096,39.34000015258789,38.191940464202844,121796.64047241211,23.739513397216797,122934.03998947144
2023-10-12,0,0,3,369.92999267578125,317.91433432616435,1109.7899780273438,0,0,3096,38.880001068115234,38.191940464202844,120372.48330688477,23.739513397216797,121506.01279830933
2023-10-13,0,0,3,365.2799987792969,317.91433432616435,1095.8399963378906,0,0,3096,37.40999984741211,38.191940464202844,115821.35952758789,23.739513397216797,116940.939037323
2023-10-16,0,0,3,369.4100036621094,317.91433432616435,1108.2300109863281,0,0,3096,38.66999816894531,38.191940464202844,119722.31433105469,23.739513397216797,120854.28385543823
2023-10-17,0,0,3,368.20001220703125,317.91433432616435,1104.6000366210938,0,0,3096,38.29999923706055,38.191940464202844,118576.79763793945,23.739513397216797,119705.13718795776
2023-10-18,0,0,3,363.3699951171875,317.91433432616435,1090.1099853515625,0,0,3096,36.68000030517578,38.191940464202844,113561.28094482422,23.739513397216797,114675.130443573
2023-10-19,0,0,3,359.9700012207031,317.91433432616435,1079.9100036621094,0,0,3096,35.70000076293945,38.191940464202844,110527.20236206055,23.739513397216797,111630.85187911987
2023-10-20,0,0,3,354.6000061035156,317.91433432616435,1063.8000183105469,0,0,3096,34.09000015258789,38.191940464202844,105542.64047241211,23.739513397216797,106630.18000411987
2023-10-23,0,0,3,355.6700134277344,317.91433432616435,1067.0100402832031,0,0,3096,34.38999938964844,38.191940464202844,106471.43811035156,23.739513397216797,107562.18766403198
2023-10-24,0,0,3,359.1300048828125,317.91433432616435,1077.3900146484375,0,0,3096,35.36000061035156,38.191940464202844,109474.56188964844,23.739513397216797,110575.69141769409
2023-10-25,0,0,2,350.3399963378906,317.91433432616435,700.6799926757812,0,0,3107,32.77000045776367,38.1727446675917,101816.39142227173,13.609504699707031,102530.68091964722
2023-10-26,0,0,1,343.6600036621094,317.91433432616435,343.6600036621094,0,0,3118,30.860000610351562,38.146946019538575,96221.48190307617,17.80950164794922,96582.95140838623
2023-10-27,0,0,1,345.30999755859375,317.91433432616435,345.30999755859375,0,0,3118,31.299999237060547,38.146946019538575,97593.39762115479,17.80950164794922,97956.51712036133
2023-10-30,0,0,1,349.20001220703125,317.91433432616435,349.20001220703125,0,0,3118,32.310001373291016,38.146946019538575,100742.58428192139,17.80950164794922,101109.59379577637
2023-10-31,1,0,1,350.8699951171875,317.91433432616435,350.8699951171875,0,0,3118,32.779998779296875,38.146946019538575,102208.03619384766,17.80950164794922,102576.7156906128
2023-11-01,0,0,1,356.9599914550781,317.91433432616435,356.9599914550781,0,0,3118,34.470001220703125,38.146946019538575,107477.46380615234,17.80950164794922,107852.23329925537
2023-11-02,0,0,1,363.44000244140625,317.91433432616435,363.44000244140625,0,0,3118,36.29999923706055,38.146946019538575,113183.39762115479,17.80950164794922,113564.64712524414
2023-11-03,0,0,1,367.7099914550781,317.91433432616435,367.7099914550781,0,0,3118,37.58000183105469,38.146946019538575,117174.44570922852,17.80950164794922,117559.96520233154
2023-11-06,0,0,1,369.2099914550781,317.91433432616435,369.2099914550781,0,0,3118,38.0099983215332,38.146946019538575,118515.17476654053,17.80950164794922,118902.19425964355
2023-11-07,0,0,1,372.70001220703125,317.91433432616435,372.70001220703125,0,0,3118,39.08000183105469,38.146946019538575,121851.44570922852,17.80950164794922,122241.9552230835
2023-11-08,0,0,1,372.94000244140625,317.91433432616435,372.94000244140625,0,0,3118,39.150001525878906,38.146946019538575,122069.70475769043,17.80950164794922,122460.45426177979
2023-11-09,0,0,1,370.07000732421875,317.91433432616435,370.07000732421875,0,0,3118,38.220001220703125,38.146946019538575,119169.96380615234,17.80950164794922,119557.84331512451
2023-11-10,0,0,1,378.3900146484375,317.91433432616435,378.3900146484375,0,0,3118,40.77000045776367,38.146946019538575,127120.86142730713,17.80950164794922,127517.06094360352
2023-11-13,0,0,1,377.2099914550781,317.91433432616435,377.2099914550781,0,0,3118,40.400001525878906,38.146946019538575,125967.20475769043,17.80950164794922,126362.22425079346
2023-11-14,0,0,1,385.3299865722656,317.91433432616435,385.3299865722656,0,0,3118,42.939998626708984,38.146946019538575,133886.9157180786,17.80950164794922,134290.05520629883
2023-11-15,0,0,1,385.6199951171875,317.91433432616435,385.6199951171875,0,0,3118,43.060001373291016,38.146946019538575,134261.0842819214,17.80950164794922,134664.51377868652
2023-11-16,0,0,1,385.95001220703125,317.91433432616435,385.95001220703125,0,0,3118,43.130001068115234,38.146946019538575,134479.3433303833,17.80950164794922,134883.10284423828
2023-11-17,0,0,1,386.0400085449219,317.91433432616435,386.0400085449219,0,0,3118,43.15999984741211,38.146946019538575,134572.87952423096,17.80950164794922,134976.72903442383
2023-11-20,0,0,1,390.739990234375,317.91433432616435,390.739990234375,0,0,3118,44.70000076293945,38.146946019538575,139374.60237884521,17.80950164794922,139783.15187072754
2023-11-21,0,0,1,388.4700012207031,317.91433432616435,388.4700012207031,0,0,3118,43.88999938964844,38.146946019538575,136849.01809692383,17.80950164794922,137255.29759979248
2023-11-22,0,0,1,390.05999755859375,317.91433432616435,390.05999755859375,0,0,3118,44.400001525878906,38.146946019538575,138439.20475769043,17.80950164794922,138847.07425689697
2023-11-24,0,0,1,389.510009765625,317.91433432616435,389.510009765625,0,0,3118,44.18000030517578,38.146946019538575,137753.2409515381,17.80950164794922,138160.56046295166
2023-11-27,0,0,1,389.1700134277344,317.91433432616435,389.1700134277344,0,0,3118,44.04999923706055,38.146946019538575,137347.89762115479,17.80950164794922,137754.87713623047
2023-11-28,0,0,1,390.19000244140625,317.91433432616435,390.19000244140625,0,0,3118,44.400001525878906,38.146946019538575,138439.20475769043,17.80950164794922,138847.20426177979
2023-11-29,0,0,1,389.80999755859375,317.91433432616435,389.80999755859375,0,0,3118,44.2400016784668,38.146946019538575,137940.32523345947,17.80950164794922,138347.94473266602
2023-11-30,1,0,1,388.8299865722656,317.91433432616435,388.8299865722656,0,0,3118,43.869998931884766,38.146946019538575,136786.6566696167,17.80950164794922,137193.2961578369
2023-12-01,0,0,1,389.94000244140625,317.91433432616435,389.94000244140625,0,0,3118,44.2400016784668,38.146946019538575,137940.32523345947,17.80950164794922,138348.07473754883
2023-12-04,0,0,1,386.32000732421875,317.91433432616435,386.32000732421875,0,0,3118,42.97999954223633,38.146946019538575,134011.63857269287,17.80950164794922,134415.76808166504
2023-12-05,0,0,1,387.2900085449219,317.91433432616435,387.2900085449219,0,0,3118,43.290000915527344,38.146946019538575,134978.22285461426,17.80950164794922,135383.32236480713
2023-12-06,0,0,1,385.04998779296875,317.91433432616435,385.04998779296875,0,0,3118,42.52000045776367,38.146946019538575,132577.36142730713,17.80950164794922,132980.22091674805
2023-12-07,0,0,1,390.42999267578125,317.91433432616435,390.42999267578125,0,0,3118,44.29999923706055,38.146946019538575,138127.39762115479,17.80950164794922,138535.63711547852
2023-12-08,0,0,1,392.1700134277344,317.91433432616435,392.1700134277344,0,0,3118,44.83000183105469,38.146946019538575,139779.94570922852,17.80950164794922,140189.9252243042
2023-12-11,0,0,73,395.5199890136719,394.45689785356905,28872.959197998047,0,0,2495,45.970001220703125,38.146946019538575,114695.1530456543,179.6810531616211,143747.79329681396
2023-12-12,0,0,132,398.6700134277344,396.34003284505206,52624.44177246094,0,0,1996,47.08000183105469,38.146946019538575,93971.68365478516,151.07117462158203,146747.19660186768
2023-12-13,0,0,180,403.739990234375,398.31335481553816,72673.1982421875,0,0,1597,48.7400016784668,38.146946019538575,77837.78268051147,218.81231307983398,150729.7932357788
2023-12-14,0,0,219,403.3900146484375,399.21741752550656,88342.41320800781,0,0,1278,48.65999984741211,38.146946019538575,62187.479804992676,9.141693115234375,150539.03470611572
2023-12-15,0,0,249,405.3399963378906,399.95507762338417,100929.65908813477,0,0,1023,49.2400016784668,38.146946019538575,50372.52171707153,405.1422309875488,151707.32303619385
2023-12-18,0,0,325,407.0799865722656,401.62121017758415,132300.99563598633,0,0,410,50.27000045776367,38.146946019538575,20610.700187683105,282.5735321044922,153194.26935577393
2023-12-19,0,0,356,409.1600036621094,402.2776781495512,145660.96130371094,0,0,164,51.02000045776367,38.146946019538575,8367.280075073242,149.53353118896484,154177.77490997314
2023-12-20,0,0,360,403.0799865722656,402.2865926875814,145108.79516601562,0,0,132,48.540000915527344,38.146946019538575,6407.280120849609,90.49361419677734,151606.568901062
2023-12-21,0,0,369,407.7699890136719,402.4203340613885,150467.12594604492,0,0,53,50.150001525878906,38.146946019538575,2657.950080871582,382.41383361816406,153507.48986053467
2023-12-22,0,0,373,408.3800048828125,402.48424474043856,152325.74182128906,0,0,22,50.349998474121094,38.146946019538575,1107.699966430664,309.74376678466797,153743.1855545044
2023-12-26,0,0,375,410.8800048828125,402.52902212786455,154080.0018310547,0,0,9,51.27000045776367,38.146946019538575,461.43000411987305,154.4937629699707,154695.92559814453
2023-12-27,0,0,376,411.5,402.55288111156705,154724.0,0,0,4,51.540000915527344,38.146946019538575,206.16000366210938,0.6937675476074219,154930.85377120972
2023-12-28,0,0,376,411.29998779296875,402.55288111156705,154648.79541015625,0,0,2,51.40999984741211,38.146946019538575,102.81999969482422,103.51376724243164,154855.1291770935
2023-12-29,0,0,376,409.5199890136719,402.55288111156705,153979.51586914062,0,0,1,50.70000076293945,38.146946019538575,50.70000076293945,154.2137680053711,154184.42963790894
2024-01-02,0,0,376,402.5899963378906,402.55288111156705,151373.83862304688,0,0,1,48.130001068115234,38.146946019538575,48.130001068115234,154.2137680053711,151576.18239212036
2024-01-03,0,0,376,398.3299865722656,402.55288111156705,149772.07495117188,0,0,1,46.59000015258789,38.146946019538575,46.59000015258789,154.2137680053711,149972.87871932983
2024-01-04,0,0,376,396.2799987792969,402.55288111156705,149001.27954101562,0,0,1,45.810001373291016,38.146946019538575,45.810001373291016,154.2137680053711,149201.3033103943
2024-01-05,0,0,376,396.75,402.55288111156705,149178.0,0,0,1,45.97999954223633,38.146946019538575,45.97999954223633,154.2137680053711,149378.1937675476
2024-01-08,0,0,376,404.95001220703125,402.55288111156705,152261.20458984375,0,0,1,48.75,38.146946019538575,48.75,154.2137680053711,152464.16835784912
2024-01-09,0,0,376,405.75,402.55288111156705,152562.0,0,0,1,49.06999969482422,38.146946019538575,49.06999969482422,154.2137680053711,152765.2837677002
2024-01-10,0,0,376,408.5,402.55288111156705,153596.0,0,0,1,50.040000915527344,38.146946019538575,50.040000915527344,154.2137680053711,153800.2537689209
2024-01-11,0,0,376,409.3500061035156,402.55288111156705,153915.60229492188,0,0,1,50.279998779296875,38.146946019538575,50.279998779296875,154.2137680053711,154120.09606170654
2024-01-12,0,0,376,409.55999755859375,402.55288111156705,153994.55908203125,0,0,1,50.34000015258789,38.146946019538575,50.34000015258789,154.2137680053711,154199.1128501892
2024-01-16,0,0,376,409.5199890136719,402.55288111156705,153979.51586914062,0,0,1,50.310001373291016,38.146946019538575,50.310001373291016,154.2137680053711,154184.0396385193
2024-01-17,0,0,376,407.2099914550781,402.55288111156705,153110.95678710938,0,0,1,49.439998626708984,38.146946019538575,49.439998626708984,154.2137680053711,153314.61055374146
2024-01-18,0,0,376,412.989990234375,402.55288111156705,155284.236328125,0,0,1,51.560001373291016,38.146946019538575,51.560001373291016,154.2137680053711,155490.01009750366
2024-01-19,0,0,376,421.17999267578125,402.55288111156705,158363.67724609375,0,0,1,54.540000915527344,38.146946019538575,54.540000915527344,154.2137680053711,158572.43101501465
2024-01-22,0,0,376,421.7300109863281,402.55288111156705,158570.48413085938,0,0,1,54.7599983215332,38.146946019538575,54.7599983215332,154.2137680053711,158779.45789718628
2024-01-23,0,0,376,423.4800109863281,402.55288111156705,159228.48413085938,0,0,1,55.40999984741211,38.146946019538575,55.40999984741211,154.2137680053711,159438.10789871216
2024-01-24,0,0,376,425.8299865722656,402.55288111156705,160112.07495117188,0,0,1,56.31999969482422,38.146946019538575,56.31999969482422,154.2137680053711,160322.60871887207
2024-01-25,0,0,376,426.3500061035156,402.55288111156705,160307.60229492188,0,0,1,56.47999954223633,38.146946019538575,56.47999954223633,154.2137680053711,160518.29606246948
2024-01-26,0,0,376,423.80999755859375,402.55288111156705,159352.55908203125,0,0,1,55.439998626708984,38.146946019538575,55.439998626708984,154.2137680053711,159562.21284866333
2024-01-29,0,0,376,428.1499938964844,402.55288111156705,160984.39770507812,0,0,1,57.06999969482422,38.146946019538575,57.06999969482422,154.2137680053711,161195.68147277832
2024-01-30,0,0,376,425.29998779296875,402.55288111156705,159912.79541015625,0,0,1,55.93000030517578,38.146946019538575,55.93000030517578,154.2137680053711,160122.9391784668
2024-01-31,1,0,376,416.9700012207031,402.55288111156705,156780.72045898438,0,0,1,52.63999938964844,38.146946019538575,52.63999938964844,154.2137680053711,156987.5742263794
2024-02-01,0,0,376,421.8800048828125,402.55288111156705,158626.8818359375,0,0,1,54.5,38.146946019538575,54.5,154.2137680053711,158835.59560394287
2024-02-02,0,0,376,429.010009765625,402.55288111156705,161307.763671875,0,0,1,57.2400016784668,38.146946019538575,57.2400016784668,154.2137680053711,161519.21744155884
2024-02-05,0,0,376,428.45001220703125,402.55288111156705,161097.20458984375,0,0,1,56.95000076293945,38.146946019538575,56.95000076293945,154.2137680053711,161308.36835861206
2024-02-06,0,0,376,427.5899963378906,402.55288111156705,160773.83862304688,0,0,1,56.619998931884766,38.146946019538575,56.619998931884766,154.2137680053711,160984.67238998413
2024-02-07,0,0,376,431.989990234375,402.55288111156705,162428.236328125,0,0,1,58.310001373291016,38.146946019538575,58.310001373291016,154.2137680053711,162640.76009750366
2024-02-08,0,0,376,432.7900085449219,402.55288111156705,162729.04321289062,0,0,1,58.54999923706055,38.146946019538575,58.54999923706055,154.2137680053711,162941.80698013306
2024-02-09,0,0,376,437.04998779296875,402.55288111156705,164330.79541015625,0,0,1,60.27000045776367,38.146946019538575,60.27000045776367,154.2137680053711,164545.27917861938
2024-02-12,0,0,376,435.3399963378906,402.55288111156705,163687.83862304688,0,0,1,59.560001373291016,38.146946019538575,59.560001373291016,154.2137680053711,163901.61239242554
2024-02-13,0,0,376,428.54998779296875,402.55288111156705,161134.79541015625,0,0,1,56.7400016784668,38.146946019538575,56.7400016784668,154.2137680053711,161345.7491798401
2024-02-14,0,0,376,433.2200012207031,402.55288111156705,162890.72045898438,0,0,1,58.540000915527344,38.146946019538575,58.540000915527344,154.2137680053711,163103.47422790527
2024-02-15,0,0,376,434.510009765625,402.55288111156705,163375.763671875,0,0,1,59.029998779296875,38.146946019538575,59.029998779296875,154.2137680053711,163589.00743865967
2024-02-16,0,0,376,430.57000732421875,402.55288111156705,161894.32275390625,0,0,1,57.40999984741211,38.146946019538575,57.40999984741211,154.2137680053711,162105.94652175903
2024-02-20,0,0,376,427.32000732421875,402.55288111156705,160672.32275390625,0,0,1,56.08000183105469,38.146946019538575,56.08000183105469,154.2137680053711,160882.61652374268
2024-02-21,0,0,376,425.6099853515625,402.55288111156705,160029.3544921875,0,0,1,55.380001068115234,38.146946019538575,55.380001068115234,154.2137680053711,160238.948261261
2024-02-22,0,0,376,438.07000732421875,402.55288111156705,164714.32275390625,0,0,1,60.16999816894531,38.146946019538575,60.16999816894531,154.2137680053711,164928.70652008057
2024-02-23,0,0,376,436.7799987792969,402.55288111156705,164229.27954101562,0,0,1,59.619998931884766,38.146946019538575,59.619998931884766,154.2137680053711,164443.11330795288
2024-02-26,0,0,376,436.54998779296875,402.55288111156705,164142.79541015625,0,0,1,59.540000915527344,38.146946019538575,59.540000915527344,154.2137680053711,164356.54917907715
2024-02-27,0,0,376,437.6000061035156,402.55288111156705,164537.60229492188,0,0,1,59.90999984741211,38.146946019538575,59.90999984741211,154.2137680053711,164751.72606277466
2024-02-28,0,0,376,435.2699890136719,402.55288111156705,163661.51586914062,0,0,1,58.939998626708984,38.146946019538575,58.939998626708984,154.2137680053711,163874.6696357727
2024-02-29,1,0,376,439.0,402.55288111156705,165064.0,0,0,1,60.36000061035156,38.146946019538575,60.36000061035156,154.2137680053711,165278.57376861572
2024-03-01,0,0,376,445.6099853515625,402.55288111156705,167549.3544921875,0,0,1,63.130001068115234,38.146946019538575,63.130001068115234,154.2137680053711,167766.698261261
2024-03-04,0,0,376,444.0199890136719,402.55288111156705,166951.51586914062,0,0,1,62.380001068115234,38.146946019538575,62.380001068115234,154.2137680053711,167168.1096382141
2024-03-05,0,0,376,436.04998779296875,402.55288111156705,163954.79541015625,0,0,1,59.040000915527344,38.146946019538575,59.040000915527344,154.2137680053711,164168.04917907715
2024-03-06,0,0,376,438.7900085449219,402.55288111156705,164985.04321289062,0,0,1,60.130001068115234,38.146946019538575,60.130001068115234,154.2137680053711,165199.3869819641
2024-03-07,0,0,376,445.45001220703125,402.55288111156705,167489.20458984375,0,0,1,62.810001373291016,38.146946019538575,62.810001373291016,154.2137680053711,167706.2283592224
2024-03-08,0,0,376,439.0199890136719,402.55288111156705,165071.51586914062,0,0,1,60.060001373291016,38.146946019538575,60.060001373291016,154.2137680053711,165285.7896385193
2024-03-11,0,0,376,437.3900146484375,402.55288111156705,164458.6455078125,0,0,1,59.36000061035156,38.146946019538575,59.36000061035156,154.2137680053711,164672.21927642822
2024-03-12,0,0,376,443.6600036621094,402.55288111156705,166816.16137695312,0,0,1,61.880001068115234,38.146946019538575,61.880001068115234,154.2137680053711,167032.2551460266
2024-03-13,0,0,376,440.25,402.55288111156705,165534.0,0,0,1,60.439998626708984,38.146946019538575,60.439998626708984,154.2137680053711,165748.65376663208
2024-03-14,0,0,376,439.1400146484375,402.55288111156705,165116.6455078125,0,0,1,59.95000076293945,38.146946019538575,59.95000076293945,154.2137680053711,165330.8092765808
2024-03-15,0,0,376,433.9200134277344,402.55288111156705,163153.92504882812,0,0,1,57.7599983215332,38.146946019538575,57.7599983215332,154.2137680053711,163365.89881515503
2024-03-18,0,0,376,437.4800109863281,402.55288111156705,164492.48413085938,0,0,1,59.38999938964844,38.146946019538575,59.38999938964844,154.2137680053711,164706.0878982544
2024-03-19,0,0,376,438.57000732421875,402.55288111156705,164902.32275390625,0,0,1,59.79999923706055,38.146946019538575,59.79999923706055,154.2137680053711,165116.33652114868
2024-03-20,0,0,376,443.7699890136719,402.55288111156705,166857.51586914062,0,0,1,61.70000076293945,38.146946019538575,61.70000076293945,154.2137680053711,167073.42963790894
2024-03-21,0,0,376,445.8699951171875,402.55288111156705,167647.1181640625,0,0,1,62.5,38.146946019538575,62.5,154.2137680053711,167863.83193206787
2024-03-22,0,0,376,446.3800048828125,402.55288111156705,167838.8818359375,0,0,1,62.630001068115234,38.146946019538575,62.630001068115234,154.2137680053711,168055.725605011
2024-03-25,0,0,376,444.760009765625,402.55288111156705,167229.763671875,0,0,1,61.9900016784668,38.146946019538575,61.9900016784668,154.2137680053711,167445.96744155884
2024-03-26,0,0,376,443.32000732421875,402.55288111156705,166688.32275390625,0,0,1,61.40999984741211,38.146946019538575,61.40999984741211,154.2137680053711,166903.94652175903
2024-03-27,0,0,376,444.8299865722656,402.55288111156705,167256.07495117188,0,0,1,61.95000076293945,38.146946019538575,61.95000076293945,154.2137680053711,167472.2387199402
2024-03-28,0,0,376,444.010009765625,402.55288111156705,166947.763671875,0,0,1,61.560001373291016,38.146946019538575,61.560001373291016,154.2137680053711,167163.53744125366
2024-04-01,0,0,376,444.95001220703125,402.55288111156705,167301.20458984375,0,0,1,61.939998626708984,38.146946019538575,61.939998626708984,154.2137680053711,167517.35835647583
2024-04-02,0,0,376,441.1099853515625,402.55288111156705,165857.3544921875,0,0,1,60.279998779296875,38.146946019538575,60.279998779296875,154.2137680053711,166071.84825897217
2024-04-03,0,0,376,442.1000061035156,402.55288111156705,166229.60229492188,0,0,1,60.68000030517578,38.146946019538575,60.68000030517578,154.2137680053711,166444.49606323242
2024-04-04,0,0,376,435.3399963378906,402.55288111156705,163687.83862304688,0,0,1,57.81999969482422,38.146946019538575,57.81999969482422,154.2137680053711,163899.87239074707
2024-04-05,0,0,376,440.4700012207031,402.55288111156705,165616.72045898438,0,0,1,59.86000061035156,38.146946019538575,59.86000061035156,154.2137680053711,165830.7942276001
2024-04-08,0,0,376,440.6000061035156,402.55288111156705,165665.60229492188,0,0,1,59.900001525878906,38.146946019538575,59.900001525878906,154.2137680053711,165879.71606445312
2024-04-09,0,0,376,442.2300109863281,402.55288111156705,166278.48413085938,0,0,1,60.52000045776367,38.146946019538575,60.52000045776367,154.2137680053711,166493.2178993225
2024-04-10,0,0,376,438.3699951171875,402.55288111156705,164827.1181640625,0,0,1,58.93000030517578,38.146946019538575,58.93000030517578,154.2137680053711,165040.26193237305
2024-04-11,0,0,376,445.3699951171875,402.55288111156705,167459.1181640625,0,0,1,61.70000076293945,38.146946019538575,61.70000076293945,154.2137680053711,167675.0319328308
2024-04-12,0,0,376,438.2699890136719,402.55288111156705,164789.51586914062,0,0,1,58.720001220703125,38.146946019538575,58.720001220703125,154.2137680053711,165002.4496383667
2024-04-15,0,0,376,431.05999755859375,402.55288111156705,162078.55908203125,0,0,1,55.77000045776367,38.146946019538575,55.77000045776367,154.2137680053711,162288.54285049438
2024-04-16,0,0,376,431.1000061035156,402.55288111156705,162093.60229492188,0,0,1,55.779998779296875,38.146946019538575,55.779998779296875,154.2137680053711,162303.59606170654
2024-04-17,0,0,376,425.8399963378906,402.55288111156705,160115.83862304688,0,0,1,53.709999084472656,38.146946019538575,53.709999084472656,154.2137680053711,160323.76239013672
2024-04-18,0,0,264,423.4100036621094,402.55288111156705,111780.24096679688,0,0,902,52.75,52.733810361440725,47580.5,48.384178161621094,159409.1251449585
2024-04-19,0,0,185,414.6499938964844,402.5528811115671,76710.24887084961,0,0,1565,49.47999954223633,51.35535887701101,77436.19928359985,0.4939994812011719,154146.94215393066
2024-04-22,0,0,130,418.82000732421875,402.5528811115671,54446.60095214844,0,0,2017,50.91999816894531,51.25779663603644,102705.6363067627,19.755229949951172,157171.99248886108
2024-04-23,0,0,130,425.07000732421875,402.5528811115671,55259.10095214844,0,0,2017,53.189998626708984,51.25779663603644,107284.22723007202,19.755229949951172,162563.0834121704
2024-04-24,0,0,130,426.510009765625,402.5528811115671,55446.30126953125,0,0,2017,53.709999084472656,51.25779663603644,108333.06815338135,19.755229949951172,163799.12465286255
2024-04-25,0,0,130,424.45001220703125,402.5528811115671,55178.50158691406,0,0,2017,52.849998474121094,51.25779663603644,106598.44692230225,19.755229949951172,161796.70373916626
2024-04-26,0,0,130,431.0,402.5528811115671,56030.0,0,0,2017,55.279998779296875,51.25779663603644,111499.7575378418,19.755229949951172,167549.51276779175
2024-04-29,0,0,130,432.75,402.5528811115671,56257.5,0,0,2017,55.939998626708984,51.25779663603644,112830.97723007202,19.755229949951172,169108.23246002197
2024-04-30,1,0,130,424.5899963378906,402.5528811115671,55196.69952392578,0,0,2017,52.7400016784668,51.25779663603644,106376.58338546753,19.755229949951172,161593.03813934326
2024-05-01,0,0,91,421.5199890136719,402.5528811115671,38358.31900024414,0,0,2335,51.599998474121094,51.30440056944583,120485.99643707275,50.235286712646484,158894.55072402954
2024-05-02,0,0,91,426.8999938964844,402.5528811115671,38847.89944458008,0,0,2335,53.5099983215332,51.30440056944583,124945.84608078003,50.235286712646484,163843.98081207275
2024-05-03,0,0,91,435.4800109863281,402.5528811115671,39628.68099975586,0,0,2335,56.70000076293945,51.30440056944583,132394.50178146362,50.235286712646484,172073.41806793213
2024-05-06,0,0,91,440.25,402.5528811115671,40062.75,0,0,2335,58.560001373291016,51.30440056944583,136737.60320663452,50.235286712646484,176850.58849334717
2024-05-07,0,0,91,440.32000732421875,402.5528811115671,40069.120666503906,0,0,2335,58.560001373291016,51.30440056944583,136737.60320663452,50.235286712646484,176856.95915985107
2024-05-08,0,0,91,440.05999755859375,402.5528811115671,40045.45977783203,0,0,2335,58.45000076293945,51.30440056944583,136480.75178146362,50.235286712646484,176576.4468460083
2024-05-09,0,0,91,441.0199890136719,402.5528811115671,40132.81900024414,0,0,2335,58.77000045776367,51.30440056944583,137227.95106887817,50.235286712646484,177411.00535583496
2024-05-10,0,0,91,442.05999755859375,402.5528811115671,40227.45977783203,0,0,2335,59.16999816894531,51.30440056944583,138161.9457244873,50.235286712646484,178439.64078903198
2024-05-13,0,0,91,443.0799865722656,402.5528811115671,40320.27877807617,0,0,2335,59.560001373291016,51.30440056944583,139072.60320663452,50.235286712646484,179443.11727142334
2024-05-14,0,0,91,445.92999267578125,402.5528811115671,40579.629333496094,0,0,2335,60.66999816894531,51.30440056944583,141664.4457244873,50.235286712646484,182294.31034469604
2024-05-15,0,0,156,452.8999938964844,423.5308447719493,70652.39904785156,0,0,1868,63.470001220703125,51.30440056944583,118561.96228027344,252.22625350952148,189466.58758163452
2024-05-16,0,0,208,451.9800109863281,430.643136325544,94011.84228515625,0,0,1495,63.08000183105469,51.30440056944583,94304.60273742676,278.1063652038574,188594.55138778687
